Date,Open,High,Low,Close,Adj Close,Volume,Day
2018-02-13,94.32,95.440002,93.68,94.959999,94.959999,2372763,0
2018-02-14,93.839996,97.839996,93.519997,97.440002,97.440002,4469888,1
2018-02-15,96.720001,98.879997,95.919998,98.639999,98.639999,2406038,2
2018-02-16,98.160004,99.519997,97.760002,99.040001,99.040001,2222813,3
2018-02-20,99.360001,100.480003,98.800003,99.120003,99.120003,2719738,4
2018-02-21,98.639999,99.519997,98.239998,98.32,98.32,1422550,5
2018-02-22,99.68,101.519997,99.040001,100.720001,100.720001,2411838,6
2018-02-23,100.879997,102.559998,100.800003,102.160004,102.160004,2300125,7
2018-02-26,101.839996,103.360001,101.440002,102.879997,102.879997,1748425,8
2018-02-27,102.720001,102.800003,100.879997,101.199997,101.199997,2128950,9
2018-02-28,101.68,102.080002,98.720001,98.959999,98.959999,3475800,10
2018-03-01,98.080002,99.040001,96.879997,98.800003,98.800003,3238863,11
2018-03-02,97.760002,98.959999,96.800003,98.959999,98.959999,2254713,12
2018-03-05,98.639999,101.040001,98.559998,100.720001,100.720001,2458350,13
2018-03-06,100.959999,101.120003,100.080002,100.559998,100.559998,2256988,14
2018-03-07,99.839996,100.720001,97.519997,98.800003,98.800003,3119713,15
2018-03-08,98.559998,98.639999,96.639999,97.199997,97.199997,2881225,16
2018-03-09,98.160004,100,98.080002,99.760002,99.760002,2423100,17
2018-03-12,99.279999,99.519997,97.760002,98.959999,98.959999,2185138,18
2018-03-13,98.480003,100,97.199997,97.919998,97.919998,3024238,19
2018-03-14,98.239998,98.720001,97.120003,98.239998,98.239998,2319625,20
2018-03-15,98.800003,99.360001,98.32,98.720001,98.720001,1467363,21
2018-03-16,98.800003,100.959999,98.559998,100.400002,100.400002,3485088,22
2018-03-19,100.559998,100.639999,99.120003,100.400002,100.400002,2855363,23
2018-03-20,102.080002,103.199997,101.68,102.480003,102.480003,2281838,24
2018-03-21,103.68,105.68,103.440002,105.440002,105.440002,2886025,25
2018-03-22,104.080002,104.400002,103.440002,103.599998,103.599998,1966450,26
2018-03-23,104.720001,106.400002,104.639999,106.239998,106.239998,2269888,27
2018-03-26,105.839996,106.239998,104.959999,105.68,105.68,3121838,28
2018-03-27,106.239998,106.32,104.32,104.639999,104.639999,2577163,29
2018-03-28,104.160004,105.040001,102.800003,104.32,104.32,2372900,30
2018-03-29,103.919998,105.279999,103.519997,104.720001,104.720001,2039800,31
2018-04-02,103.839996,103.839996,101.599998,101.919998,101.919998,2413925,32
2018-04-03,102.239998,102.879997,101.760002,102.480003,102.480003,1146825,33
2018-04-04,100.400002,102.639999,100.160004,102.559998,102.559998,2538850,34
2018-04-05,102.559998,103.519997,101.919998,102.639999,102.639999,2155788,35
2018-04-06,102.400002,102.800003,99.760002,100.080002,100.080002,3147513,36
2018-04-09,101.519997,102.639999,101.360001,102.160004,102.160004,1601763,37
2018-04-10,104.160004,106.160004,104.160004,106,106,2968450,38
2018-04-11,106.400002,108.720001,106,107.599998,107.599998,3085563,39
2018-04-12,107.199997,108.32,106.400002,108.160004,108.160004,1859000,40
2018-04-13,108.400002,109.120003,108,108.400002,108.400002,1770350,41
2018-04-16,107.919998,108,106.720001,107.040001,107.040001,1753075,42
2018-04-17,106.160004,107.519997,105.919998,107.279999,107.279999,1644388,43
2018-04-18,109.599998,111.199997,109.120003,111.040001,111.040001,3322388,44
2018-04-19,111.599998,112,109.760002,110.160004,110.160004,2178550,45
2018-04-20,109.279999,110.720001,108.959999,110,110,1478875,46
2018-04-23,108.879997,111.519997,108.400002,111.360001,111.360001,2074100,47
2018-04-24,110.800003,112,109.040001,109.440002,109.440002,2510050,48
2018-04-25,109.519997,110.080002,108.400002,109.760002,109.760002,1707313,49
2018-04-26,110.639999,110.720001,109.360001,110.160004,110.160004,2151713,50
2018-04-27,109.440002,110.400002,109.360001,109.839996,109.839996,1601475,51
2018-04-30,108.959999,112,108.800003,110.400002,110.400002,3617163,52
2018-05-01,109.519997,109.599998,108,108.879997,108.879997,2011513,53
2018-05-02,108.480003,110.080002,108.080002,109.360001,109.360001,1727875,54
2018-05-03,109.040001,110.800003,108.639999,110.559998,110.559998,1519750,55
2018-05-04,110.639999,113.040001,110.639999,112.720001,112.720001,2346763,56
2018-05-07,113.519997,114.400002,112.239998,112.800003,112.800003,3598650,57
2018-05-08,113.440002,113.760002,109.279999,112.480003,112.480003,6607813,58
2018-05-09,114.160004,115.279999,114.080002,114.959999,114.959999,2435313,59
2018-05-10,115.040001,115.519997,114,115.279999,115.279999,1953388,60
2018-05-11,114.959999,115.440002,113.919998,114,114,1758750,61
2018-05-14,114.400002,115.199997,114.32,115.040001,115.040001,2033313,62
2018-05-15,114.959999,115.519997,114,115.199997,115.199997,2236963,63
2018-05-16,114.720001,115.839996,114.400002,115.68,115.68,1683025,64
2018-05-17,116.32,117.040001,115.199997,115.919998,115.919998,2149863,65
2018-05-18,115.519997,116,114.959999,115.440002,115.440002,1557263,66
2018-05-21,115.839996,117.360001,115.760002,117.360001,117.360001,1681888,67
2018-05-22,117.199997,117.919998,116.400002,116.480003,116.480003,2459500,68
2018-05-23,116.239998,116.639999,115.120003,116.080002,116.080002,2011438,69
2018-05-24,114.32,115.199997,114.160004,114.32,114.32,1931738,70
2018-05-25,111.440002,111.440002,109.199997,109.440002,109.440002,5070300,71
2018-05-29,108.559998,108.800003,106.639999,108.080002,108.080002,3289125,72
2018-05-30,108.639999,110.800003,108.639999,110.639999,110.639999,3015113,73
2018-05-31,108.639999,110.32,107.68,108.400002,108.400002,3030750,74
2018-06-01,107.279999,108.160004,106,106,106,2868513,75
2018-06-04,106.400002,106.639999,104.480003,104.959999,104.959999,2484438,76
2018-06-05,104.239998,106.080002,104,105.760002,105.760002,2788663,77
2018-06-06,105.519997,106,104,105.279999,105.279999,2116213,78
2018-06-07,105.68,106.879997,105.599998,106.800003,106.800003,1776825,79
2018-06-08,106.480003,107.120003,105.440002,106.160004,106.160004,1979263,80
2018-06-11,105.360001,107.360001,105.199997,106.879997,106.879997,1836325,81
2018-06-12,106.720001,107.919998,106.639999,107.199997,107.199997,2434163,82
2018-06-13,106.800003,108.160004,106.639999,107.760002,107.760002,2182113,83
2018-06-14,108.400002,108.480003,107.199997,108.160004,108.160004,1667250,84
2018-06-15,107.519997,107.519997,104.32,104.400002,104.400002,3436813,85
2018-06-18,105.360001,106.639999,104.959999,106.32,106.32,2223113,86
2018-06-19,104.800003,105.68,104.080002,105.120003,105.120003,1999775,87
2018-06-20,106.559998,107.519997,105.199997,106.239998,106.239998,2540238,88
2018-06-21,105.120003,107.279999,104.959999,106.480003,106.480003,2245375,89
2018-06-22,109.68,112.239998,108.720001,112.160004,112.160004,4109475,90
2018-06-25,112.080002,112.400002,109.839996,110.160004,110.160004,3099950,91
2018-06-26,111.279999,114.480003,110.32,114.160004,114.160004,4205538,92
2018-06-27,115.919998,118.400002,115.839996,117.199997,117.199997,4305113,93
2018-06-28,117.839996,119.919998,117.519997,118.879997,118.879997,3882688,94
2018-06-29,119.440002,120.639999,119.360001,120.480003,120.480003,2701250,95
2018-07-02,120,120.480003,118.959999,119.68,119.68,2692025,96
2018-07-03,121.519997,122,117.839996,119.360001,119.360001,2636363,97
2018-07-05,120,120.400002,117.599998,118.239998,118.239998,2737150,98
2018-07-06,117.360001,119.839996,117.279999,119.68,119.68,2367950,99
2018-07-09,119.760002,120.239998,118.480003,120.239998,120.239998,1612275,100
2018-07-10,120.879997,121.360001,119.839996,120.559998,120.559998,1926900,101
2018-07-11,119.040001,120.239998,113.760002,114.480003,114.480003,4801038,102
2018-07-12,115.040001,115.599998,113.120003,115.120003,115.120003,2938800,103
2018-07-13,115.360001,117.279999,115.199997,115.760002,115.760002,2398038,104
2018-07-16,113.599998,113.839996,110.879997,111.519997,111.519997,3900275,105
2018-07-17,110.720001,112.400002,110.080002,111.599998,111.599998,6807063,106
2018-07-18,110.800003,112.879997,110.239998,112.800003,112.800003,2784425,107
2018-07-19,112.639999,114.32,112.239998,113.040001,113.040001,2766288,108
2018-07-20,113.440002,113.839996,112.559998,113.199997,113.199997,2851188,109
2018-07-23,114.559998,115.199997,112.400002,112.720001,112.720001,2937000,110
2018-07-24,112.879997,114.800003,112.879997,113.839996,113.839996,2495563,111
2018-07-25,114.239998,115.839996,113.360001,115.360001,115.360001,2686538,112
2018-07-26,114.720001,116.32,114.720001,115.760002,115.760002,1978288,113
2018-07-27,115.599998,116,113.519997,114.559998,114.559998,1882913,114
2018-07-30,116.720001,117.120003,116.160004,116.32,116.32,2155038,115
2018-07-31,115.040001,115.199997,113.919998,114.239998,114.239998,2030488,116
2018-08-01,112.720001,113.760002,111.919998,112.720001,112.720001,2264225,117
2018-08-02,112.080002,115.360001,111.839996,114.879997,114.879997,2169663,118
2018-08-03,114.480003,114.800003,112.879997,114.160004,114.160004,2062800,119
2018-08-06,115.199997,116.32,114.400002,114.480003,114.480003,2556025,120
2018-08-07,115.440002,115.839996,114.720001,114.879997,114.879997,1672350,121
2018-08-08,113.519997,113.519997,110.400002,111.199997,111.199997,3609975,122
2018-08-09,111.760002,112.239998,110.959999,111.040001,111.040001,2018688,123
2018-08-10,112.080002,112.959999,111.919998,112.639999,112.639999,2255250,124
2018-08-13,112.080002,112.400002,109.440002,112.080002,112.080002,3422513,125
2018-08-14,113.760002,113.839996,111.120003,111.919998,111.919998,2367788,126
2018-08-15,110.239998,110.32,107.519997,108.080002,108.080002,5946038,127
2018-08-16,108.559998,109.199997,108.160004,109.040001,109.040001,2308625,128
2018-08-17,110.480003,110.559998,108.879997,109.519997,109.519997,2552363,129
2018-08-20,109.519997,110.400002,109.279999,110.080002,110.080002,2190300,130
2018-08-21,111.68,111.839996,110.480003,110.639999,110.639999,1340450,131
2018-08-22,113.040001,114.559998,112.480003,114.160004,114.160004,2537700,132
2018-08-23,113.599998,114.480003,113.279999,114.160004,114.160004,1441388,133
2018-08-24,116,116.639999,114.879997,115.440002,115.440002,1787913,134
2018-08-27,115.839996,116.080002,115.279999,116,116,1358450,135
2018-08-28,116.080002,116.080002,114.800003,115.440002,115.440002,1341263,136
2018-08-29,116.239998,117.360001,115.839996,117.279999,117.279999,2214938,137
2018-08-30,117.519997,118.639999,117.120003,118,118,1791738,138
2018-08-31,117.839996,118.239998,117.199997,117.68,117.68,1375350,139
2018-09-04,118.800003,118.959999,116.239998,116.639999,116.639999,1879475,140
2018-09-05,116.639999,117.120003,115.519997,115.919998,115.919998,1609200,141
2018-09-06,115.68,115.919998,112.800003,114.400002,114.400002,1942388,142
2018-09-07,113.040001,114.32,112.559998,114.239998,114.239998,1718588,143
2018-09-10,115.040001,115.360001,113.360001,113.68,113.68,1242663,144
2018-09-11,114.160004,117.040001,113.839996,116.800003,116.800003,1551400,145
2018-09-12,118,119.68,117.839996,118.239998,118.239998,2331063,146
2018-09-13,116.879997,117.360001,115.120003,115.919998,115.919998,2303338,147
2018-09-14,115.839996,117.68,114.480003,116,116,2044750,148
2018-09-17,116.879997,117.279999,115.360001,115.760002,115.760002,1802913,149
2018-09-18,117.519997,118.480003,116.720001,117.519997,117.519997,1835950,150
2018-09-19,117.919998,119.599998,117.839996,119.519997,119.519997,2182925,151
2018-09-20,120.160004,120.400002,118.239998,118.400002,118.400002,1846075,152
2018-09-21,119.919998,121.199997,118.239998,119.68,119.68,3544988,153
2018-09-24,121.760002,122.879997,121.360001,122,122,3086350,154
2018-09-25,122.559998,122.879997,121.440002,122.160004,122.160004,2287988,155
2018-09-26,121.360001,121.919998,120.720001,120.879997,120.879997,1383150,156
2018-09-27,122.080002,122.160004,121.199997,122.080002,122.080002,1472738,157
2018-09-28,121.919998,124.559998,121.839996,124.160004,124.160004,2314638,158
2018-10-01,124,128.080002,123.599998,127.599998,127.599998,3278550,159
2018-10-02,127.599998,127.68,126.639999,126.959999,126.959999,1999750,160
2018-10-03,126.800003,129.919998,125.360001,128.639999,128.639999,3278025,161
2018-10-04,128.240005,128.240005,124.879997,125.919998,125.919998,3300213,162
2018-10-05,125.760002,127.040001,124.800003,125.519997,125.519997,3253288,163
2018-10-08,124.480003,125.68,124.239998,125.440002,125.440002,2473338,164
2018-10-09,126.239998,127.199997,125.120003,126.559998,126.559998,2912575,165
2018-10-10,126.160004,126.160004,122.959999,123.040001,123.040001,2259738,166
2018-10-11,121.760002,122.160004,119.120003,119.599998,119.599998,3723563,167
2018-10-12,121.120003,121.279999,119.360001,120.959999,120.959999,3340900,168
2018-10-15,120.959999,121.360001,119.760002,121.040001,121.040001,2797250,169
2018-10-16,120.720001,122.160004,120.400002,121.519997,121.519997,2308700,170
2018-10-17,120.400002,120.480003,117.519997,118.559998,118.559998,3950950,171
2018-10-18,116.480003,118.080002,116.080002,116.480003,116.480003,2988300,172
2018-10-19,117.440002,118.400002,117.040001,117.760002,117.760002,2574550,173
2018-10-22,116.800003,118,116,117.919998,117.919998,2182725,174
2018-10-23,114.879997,115.120003,111.440002,112.32,112.32,5841738,175
2018-10-24,113.919998,114.720001,112.32,112.400002,112.400002,3376750,176
2018-10-25,113.440002,114.639999,113.279999,113.68,113.68,1922625,177
2018-10-26,112.959999,115.040001,112.480003,114.639999,114.639999,2714938,178
2018-10-29,114,114.239998,112.32,112.879997,112.879997,2657913,179
2018-10-30,111.199997,113.279999,110.959999,112.239998,112.239998,2458200,180
2018-10-31,111.919998,113.040001,110.160004,110.32,110.32,3998850,181
2018-11-01,110.879997,110.879997,106.959999,107.68,107.68,4506738,182
2018-11-02,107.360001,108.160004,106.239998,106.480003,106.480003,3595175,183
2018-11-05,107.919998,108.720001,106.32,106.400002,106.400002,2456175,184
2018-11-06,107.120003,107.360001,103.919998,105.440002,105.440002,3702325,185
2018-11-07,106.080002,106.480003,103.839996,104.480003,104.480003,3240038,186
2018-11-08,103.919998,104.480003,102.559998,102.720001,102.720001,3425125,187
2018-11-09,101.199997,102.720001,100.559998,101.599998,101.599998,3858088,188
2018-11-12,102.879997,103.760002,99.519997,99.839996,99.839996,4355875,189
2018-11-13,99.360001,99.839996,92.959999,93.519997,93.519997,10619463,190
2018-11-14,96.160004,97.360001,95.040001,95.599998,95.599998,6936100,191
2018-11-15,95.919998,97.279999,95.440002,95.839996,95.839996,4923988,192
2018-11-16,97.599998,98.400002,94.959999,96.559998,96.559998,3793375,193
2018-11-19,95.040001,97.440002,93.599998,97.120003,97.120003,4316188,194
2018-11-20,94.639999,95.199997,89.279999,90.160004,90.160004,9022213,195
2018-11-21,92.080002,94.559998,91.360001,92.160004,92.160004,4777600,196
2018-11-23,87.040001,87.519997,85.519997,86.639999,86.639999,6942050,197
2018-11-26,87.599998,88.480003,87.040001,87.519997,87.519997,4877700,198
2018-11-27,87.760002,88.639999,85.120003,87.599998,87.599998,4510763,199
2018-11-28,86.800003,88.32,84.800003,85.279999,85.279999,6097725,200
2018-11-29,86.720001,88.32,86.080002,86.959999,86.959999,4139988,201
2018-11-30,85.040001,87.440002,84.080002,85.839996,85.839996,5852475,202
2018-12-03,90.160004,90.160004,88.160004,90.160004,90.160004,4072788,203
2018-12-04,90,90.800003,89.199997,89.440002,89.440002,3399300,204
2018-12-06,86.879997,88,84.800003,87.519997,87.519997,5738675,205
2018-12-07,90.959999,91.839996,88.639999,88.879997,88.879997,5410950,206
2018-12-10,86.959999,88.239998,85.599998,86,86,3925263,207
2018-12-11,88.32,88.800003,86.800003,87.599998,87.599998,2606038,208
2018-12-12,88.559998,89.040001,86.32,86.559998,86.559998,3284500,209
2018-12-13,85.919998,90.160004,85.760002,89.68,89.68,6635338,210
2018-12-14,88.720001,88.800003,86.239998,86.559998,86.559998,4474000,211
2018-12-17,87.120003,87.279999,83.279999,83.599998,83.599998,5016200,212
2018-12-18,83.279999,83.279999,77.839996,78.32,78.32,7047738,213
2018-12-19,79.760002,81.599998,79.360001,80.160004,80.160004,4808563,214
2018-12-20,78.480003,79.68,77.120003,77.760002,77.760002,5516575,215
2018-12-21,76.959999,78.239998,76.32,76.559998,76.559998,4862650,216
2018-12-24,75.919998,76.160004,74.239998,74.32,74.32,2699775,217
2018-12-26,74,79.360001,73.839996,79.199997,79.199997,5122350,218
2018-12-27,76.720001,77.199997,74.959999,76.959999,76.959999,4572338,219
2018-12-28,76.32,77.199997,75.040001,76.239998,76.239998,2850425,220
2018-12-31,77.040001,77.68,75.519997,77.279999,77.279999,3552175,221
2019-01-02,75.360001,80.639999,74.879997,78.800003,78.800003,4137850,222
2019-01-03,79.919998,80.080002,77.199997,79.599998,79.599998,4027375,223
2019-01-04,81.360001,83.120003,80.480003,81.440002,81.440002,4864513,224
2019-01-07,82.160004,84.160004,81.839996,82.32,82.32,4031138,225
2019-01-08,83.440002,84.400002,82.879997,84,84,3644150,226
2019-01-09,86.480003,88.800003,85.519997,88.400002,88.400002,6148538,227
2019-01-10,87.120003,89.120003,86.800003,88.800003,88.800003,2647250,228
2019-01-11,87.839996,88.400002,86.480003,87.199997,87.199997,3576688,229
2019-01-14,86.480003,87.440002,85.040001,85.519997,85.519997,3882538,230
2019-01-15,86.800003,88.32,86.800003,88,88,2989488,231
2019-01-16,87.599998,88.559998,86.559998,88.480003,88.480003,4094163,232
2019-01-17,87.040001,88.800003,86.160004,88.239998,88.239998,4481600,233
2019-01-18,88.959999,90.959999,88.32,90.480003,90.480003,5105025,234
2019-01-22,88.720001,89.279999,87.440002,88.959999,88.959999,4597175,235
2019-01-23,89.360001,89.519997,87.120003,88.400002,88.400002,3630600,236
2019-01-24,88.480003,89.839996,88.239998,89.360001,89.360001,2748363,237
2019-01-25,89.599998,90.400002,89.279999,90,90,2220975,238
2019-01-28,87.519997,87.760002,86.239998,87.599998,87.599998,3613913,239
2019-01-29,88.959999,90.639999,88.959999,89.279999,89.279999,2847825,240
2019-01-30,90.720001,92.32,90.32,91.199997,91.199997,2582500,241
2019-01-31,92,93.040001,90.080002,90.800003,90.800003,3443350,242
2019-02-01,91.199997,93.519997,91.120003,93.040001,93.040001,2362475,243
2019-02-04,91.040001,92.160004,89.599998,92,92,2478475,244
2019-02-05,90.239998,91.760002,89.839996,90.32,90.32,2743163,245
2019-02-06,89.68,91.279999,89.040001,90.559998,90.559998,2399100,246
2019-02-07,90.080002,90.32,87.040001,88.559998,88.559998,2777825,247
2019-02-08,88.800003,89.040001,87.760002,88.639999,88.639999,1734588,248
2019-02-11,86.720001,88.480003,86.160004,88.080002,88.080002,2945863,249
2019-02-12,90.559998,90.720001,89.040001,89.279999,89.279999,2233888,250
2019-02-13,90.400002,91.760002,90.32,90.720001,90.720001,2597725,251
2019-02-14,90.160004,91.839996,89.360001,91.839996,91.839996,3395525,252
2019-02-15,92.879997,93.839996,92.559998,93.68,93.68,2346175,253
2019-02-19,93.120003,94.400002,93.040001,94.239998,94.239998,2636700,254
2019-02-20,93.839996,96.160004,93.760002,95.440002,95.440002,2125913,255
2019-02-21,95.120003,95.519997,94.639999,95.040001,95.040001,1654338,256
2019-02-22,96,96.480003,95.440002,95.599998,95.599998,1635113,257
2019-02-25,93.839996,94.160004,92,92.559998,92.559998,3565650,258
2019-02-26,92.879997,93.599998,92.32,93.040001,93.040001,2493225,259
2019-02-27,94.639999,95.919998,94.080002,95.120003,95.120003,2688475,260
2019-02-28,95.360001,95.919998,94.800003,95.599998,95.599998,1783638,261
2019-03-01,95.599998,96.239998,92.879997,93.279999,93.279999,3959200,262
2019-03-04,94.720001,95.279999,93.440002,94.400002,94.400002,2754200,263
2019-03-05,95.279999,95.440002,94.080002,94.559998,94.559998,2590213,264
2019-03-06,93.68,94.32,92.639999,94,94,3225238,265
2019-03-07,94.639999,94.879997,94,94.480003,94.480003,2221275,266
2019-03-08,92.080002,93.919998,91.120003,93.839996,93.839996,3694688,267
2019-03-11,94.959999,95.199997,94.160004,94.879997,94.879997,2812000,268
2019-03-12,95.519997,96.160004,94.800003,95.120003,95.120003,2052438,269
2019-03-13,96.400002,97.68,96.239998,97.519997,97.519997,3626700,270
2019-03-14,97.760002,98.160004,97.120003,97.760002,97.760002,2648075,271
2019-03-15,96.639999,97.919998,96.480003,97.599998,97.599998,2030775,272
2019-03-18,97.839996,98.959999,97.68,98.480003,98.480003,2304938,273
2019-03-19,99.040001,99.279999,97.919998,98.239998,98.239998,1948513,274
2019-03-20,98.160004,100.160004,98,100,100,2446100,275
2019-03-21,99.839996,100.400002,99.120003,99.519997,99.519997,1866700,276
2019-03-22,98.400002,98.559998,96.879997,97.839996,97.839996,2842488,277
2019-03-25,97.440002,98.639999,96.639999,98,98,2457838,278
2019-03-26,99.919998,100.32,99.199997,99.760002,99.760002,2047625,279
2019-03-27,99.919998,100.080002,97.760002,98.720001,98.720001,2391100,280
2019-03-28,97.199997,98.800003,97.120003,98.800003,98.800003,2587638,281
2019-03-29,100.480003,100.480003,99.360001,100,100,2203938,282
2019-04-01,100.959999,102.639999,100.639999,102.559998,102.559998,2856938,283
2019-04-02,103.040001,104.32,102.800003,104.080002,104.080002,2901425,284
2019-04-03,104,104.480003,103.199997,103.919998,103.919998,3037750,285
2019-04-04,103.839996,104.32,102.879997,103.360001,103.360001,2172100,286
2019-04-05,103.839996,105.360001,103.760002,105.199997,105.199997,2344913,287
2019-04-08,105.839996,107.279999,105.839996,107.199997,107.199997,2982438,288
2019-04-09,106.800003,107.040001,105.919998,106.639999,106.639999,3424225,289
2019-04-10,107.040001,107.68,106.639999,107.279999,107.279999,2108263,290
2019-04-11,106.720001,107.040001,105.440002,106.160004,106.160004,2359750,291
2019-04-12,106.879997,107.199997,106.239998,106.400002,106.400002,2317625,292
2019-04-15,105.839996,106.32,105.120003,105.919998,105.919998,1979563,293
2019-04-16,105.839996,107.040001,105.040001,106.959999,106.959999,1681163,294
2019-04-17,107.040001,107.120003,106.080002,106.239998,106.239998,1932463,295
2019-04-18,106.400002,106.720001,105.839996,106.559998,106.559998,1549138,296
2019-04-22,108.879997,109.760002,108.800003,109.360001,109.360001,2547713,297
2019-04-23,109.760002,110.879997,109.68,110.32,110.32,2315425,298
2019-04-24,110.480003,110.559998,109.279999,109.440002,109.440002,1879188,299
2019-04-25,109.519997,109.839996,108,108.239998,108.239998,2195313,300
2019-04-26,107.040001,107.120003,103.68,104.720001,104.720001,5269263,301
2019-04-29,105.199997,106,104.400002,105.839996,105.839996,2926275,302
2019-04-30,106.800003,106.879997,105.440002,106.32,106.32,2096425,303
2019-05-01,106.239998,106.480003,104.480003,105.760002,105.760002,3221438,304
2019-05-02,103.360001,103.519997,101.519997,102.559998,102.559998,5288613,305
2019-05-03,102.959999,104.080002,102.800003,102.959999,102.959999,3274225,306
2019-05-06,102.32,104.879997,102.32,104.559998,104.559998,4741500,307
2019-05-07,102.239998,102.800003,101.040001,101.839996,101.839996,3743113,308
2019-05-08,102.239998,103.839996,102,103.120003,103.120003,2893750,309
2019-05-09,102.559998,102.959999,101.440002,102.480003,102.480003,2399013,310
2019-05-10,102.400002,103.440002,102.32,102.720001,102.720001,2353613,311
2019-05-13,105.120003,105.519997,101.120003,101.440002,101.440002,4848838,312
2019-05-14,102.720001,103.599998,102.480003,102.959999,102.959999,2536025,313
2019-05-15,102.160004,104.080002,102.080002,103.760002,103.760002,2752538,314
2019-05-16,104.800003,105.919998,104.639999,105.120003,105.120003,2457738,315
2019-05-17,105.279999,106.080002,104.239998,104.639999,104.639999,2948463,316
2019-05-20,104.959999,105.760002,104.239998,105.199997,105.199997,2682613,317
2019-05-21,104.879997,105.360001,104.400002,105.040001,105.040001,1840013,318
2019-05-22,103.919998,104.400002,101.519997,101.919998,101.919998,3444325,319
2019-05-23,98.959999,98.959999,95.360001,96.720001,96.720001,5696450,320
2019-05-24,97.760002,97.919998,95.599998,97.839996,97.839996,2690888,321
2019-05-28,98.959999,98.959999,97.599998,97.839996,97.839996,2925488,322
2019-05-29,96.239998,98.239998,94.639999,97.919998,97.919998,4513238,323
2019-05-30,98.239998,98.32,93.760002,94.080002,94.080002,3688588,324
2019-05-31,91.599998,92.32,88.32,88.800003,88.800003,5039950,325
2019-06-03,90.400002,90.559998,87.68,87.919998,87.919998,4144100,326
2019-06-04,88.559998,89.519997,87.599998,89.279999,89.279999,2809363,327
2019-06-05,88.080002,88.160004,84.239998,86.160004,86.160004,5199913,328
2019-06-06,85.919998,88.720001,85.199997,88.480003,88.480003,3949350,329
2019-06-07,87.760002,90.400002,87.599998,89.839996,89.839996,3269400,330
2019-06-10,89.839996,90.800003,88.32,88.879997,88.879997,2936625,331
2019-06-11,89.519997,89.760002,88.32,88.879997,88.879997,2360613,332
2019-06-12,87.040001,87.199997,84.559998,85.120003,85.120003,4382650,333
2019-06-13,88.559998,88.639999,86.480003,87.040001,87.040001,4366050,334
2019-06-14,87.360001,88.32,86.879997,87.519997,87.519997,3216363,335
2019-06-17,86.800003,87.599998,86,86.480003,86.480003,3940363,336
2019-06-18,87.919998,90.480003,87.68,90,90,4511600,337
2019-06-19,89.120003,90.720001,88.800003,90.639999,90.639999,5144688,338
2019-06-20,93.519997,95.199997,93.040001,94.800003,94.800003,5822450,339
2019-06-21,94.879997,95.839996,94.800003,95.760002,95.760002,3071975,340
2019-06-24,95.599998,96.32,94.160004,96.080002,96.080002,3329000,341
2019-06-25,96.32,96.879997,95.519997,96,96,2896213,342
2019-06-26,98.32,99.440002,98,98.32,98.32,4382438,343
2019-06-27,98.32,99.120003,98.080002,98.32,98.32,3304888,344
2019-06-28,98.639999,98.800003,95.839996,96.32,96.32,3607100,345
2019-07-01,99.519997,99.599998,96.879997,98.239998,98.239998,3904350,346
2019-07-02,97.68,97.68,93.120003,93.599998,93.599998,6164288,347
2019-07-03,94.480003,94.879997,93.199997,94.160004,94.160004,2461275,348
2019-07-05,94.879997,95.919998,94.559998,95.599998,95.599998,2838250,349
2019-07-08,96,97.040001,95.279999,95.440002,95.440002,3144800,350
2019-07-09,95.839996,96.400002,95.360001,96.32,96.32,1831988,351
2019-07-10,98.639999,100.559998,98.400002,100.239998,100.239998,4188488,352
2019-07-11,100.559998,101.040001,99.839996,100.400002,100.400002,2230188,353
2019-07-12,100.080002,100.639999,99.519997,100.160004,100.160004,1864188,354
2019-07-15,100.800003,100.879997,98.32,98.400002,98.400002,2717275,355
2019-07-16,98.959999,99.760002,94.879997,96.559998,96.559998,4500138,356
2019-07-17,96.879997,96.879997,93.919998,94,94,3774625,357
2019-07-18,94.32,94.400002,90.959999,92.480003,92.480003,4824113,358
2019-07-19,92.559998,93.519997,91.440002,93.360001,93.360001,3138538,359
2019-07-22,92.959999,93.68,92.639999,93.440002,93.440002,2999463,360
2019-07-23,93.440002,94.559998,92.720001,94.480003,94.480003,2235125,361
2019-07-24,94.480003,95.599998,91.760002,92.720001,92.720001,4365500,362
2019-07-25,93.839996,94.160004,92.639999,92.800003,92.800003,2486525,363
2019-07-26,93.120003,93.68,92.400002,93.199997,93.199997,2157050,364
2019-07-29,94.160004,94.720001,92.720001,94.559998,94.559998,2837450,365
2019-07-30,94.720001,96.800003,94.559998,96.639999,96.639999,2717500,366
2019-07-31,97.199997,97.599998,96,96.32,96.32,3487513,367
2019-08-01,94.959999,95.040001,88.959999,90.480003,90.480003,7204325,368
2019-08-02,92.720001,92.800003,91.519997,91.839996,91.839996,4697250,369
2019-08-05,90.480003,92.32,90.32,90.959999,90.959999,5893975,370
2019-08-06,91.440002,91.519997,88.720001,89.120003,89.120003,3784238,371
2019-08-07,86.480003,87.120003,83.919998,86.720001,86.720001,6763025,372
2019-08-08,86.879997,87.919998,86.32,87.68,87.68,2943325,373
2019-08-09,89.760002,91.040001,89.599998,90.239998,90.239998,3621725,374
2019-08-12,90.959999,91.519997,90.080002,90.879997,90.879997,3017350,375
2019-08-13,90.639999,95.440002,90.480003,94.959999,94.959999,5961538,376
2019-08-14,91.68,92.160004,89.839996,91.519997,91.519997,5230788,377
2019-08-15,90.400002,91.360001,89.760002,90.800003,90.800003,3736775,378
2019-08-16,91.040001,91.519997,90.239998,91.199997,91.199997,2934063,379
2019-08-19,92.800003,93.68,92,93.279999,93.279999,3048788,380
2019-08-20,92.720001,93.919998,91.760002,93.040001,93.040001,3079800,381
2019-08-21,94.720001,94.959999,92.400002,92.879997,92.879997,3012050,382
2019-08-22,93.279999,93.599998,91.279999,92.239998,92.239998,2723800,383
2019-08-23,89.839996,91.120003,88.639999,89.519997,89.519997,4256988,384
2019-08-26,91.519997,91.919998,89.120003,89.440002,89.440002,3258313,385
2019-08-27,89.919998,91.68,89.360001,91.360001,91.360001,3070175,386
2019-08-28,93.760002,94.32,92.400002,93.120003,93.120003,3798725,387
2019-08-29,93.199997,94.639999,93.199997,94.239998,94.239998,2845675,388
2019-08-30,93.919998,94.080002,90.800003,91.68,91.68,3818588,389
2019-09-03,88.720001,90.160004,87.919998,89.760002,89.760002,3508138,390
2019-09-04,92.239998,94.160004,92.160004,93.68,93.68,3640475,391
2019-09-05,94.400002,96.080002,93.199997,93.599998,93.599998,3410813,392
2019-09-06,91.68,94.800003,91.279999,94.160004,94.160004,2792525,393
2019-09-09,95.360001,96.800003,95.199997,96.639999,96.639999,2925375,394
2019-09-10,96.879997,97.839996,95.199997,95.839996,95.839996,3195700,395
2019-09-11,95.919998,96.400002,92.639999,93.440002,93.440002,4790675,396
2019-09-12,90.559998,92.160004,90.239998,91.760002,91.760002,4467400,397
2019-09-13,91.919998,92.239998,91.040001,91.519997,91.519997,1759300,398
2019-09-16,99.919998,105.279999,99.599998,102.639999,102.639999,10127500,399
2019-09-17,103.440002,103.440002,97.199997,98.32,98.32,12328888,400
2019-09-18,97.040001,98.160004,96.080002,96.800003,96.800003,4318013,401
2019-09-19,97.760002,98.32,96.879997,97.519997,97.519997,3791363,402
2019-09-20,97.839996,98.559998,96.639999,97.599998,97.599998,3009613,403
2019-09-23,97.120003,97.919998,96.32,97.68,97.68,2557938,404
2019-09-24,96.959999,97.199997,94.879997,95.199997,95.199997,3676788,405
2019-09-25,93.279999,94.559998,92.800003,94.400002,94.400002,2699925,406
2019-09-26,93.440002,94.559998,92.480003,94.400002,94.400002,2621225,407
2019-09-27,92.559998,94.720001,92.400002,93.279999,93.279999,3215050,408
2019-09-30,92.080002,92.800003,90.080002,90.720001,90.720001,3148013,409
2019-10-01,91.120003,91.440002,88.559998,89.519997,89.519997,3282413,410
2019-10-02,89.599998,89.599998,87.120003,87.839996,87.839996,3548150,411
2019-10-03,86.639999,87.839996,85.120003,87.440002,87.440002,3670125,412
2019-10-04,88.559998,89.120003,86.879997,88.32,88.32,3493338,413
2019-10-07,89.120003,90.239998,87.839996,88.32,88.32,2510275,414
2019-10-08,86.959999,88.160004,86.559998,87.120003,87.120003,3048913,415
2019-10-09,89.440002,89.68,87.440002,87.919998,87.919998,2974925,416
2019-10-10,88.879997,89.760002,88.400002,89.519997,89.519997,2633863,417
2019-10-11,89.919998,91.68,89.919998,91.360001,91.360001,4597325,418
2019-10-14,89.279999,89.760002,88.239998,89.440002,89.440002,2963863,419
2019-10-15,89.199997,89.839996,88.080002,88.480003,88.480003,3113238,420
2019-10-16,88.080002,89.839996,88.080002,89.120003,89.120003,2535325,421
2019-10-17,88.559998,90.480003,88.080002,90.239998,90.239998,2197750,422
2019-10-18,90.720001,91.120003,89.199997,89.760002,89.760002,2495125,423
2019-10-21,88.400002,89.760002,88.32,89.68,89.68,2197450,424
2019-10-22,90.480003,91.519997,89.919998,90.720001,90.720001,2758975,425
2019-10-23,90.239998,93.599998,90.160004,93.199997,93.199997,3218288,426
2019-10-24,93.599998,94.32,93.440002,93.839996,93.839996,2016850,427
2019-10-25,93.68,94.720001,92.879997,94.639999,94.639999,2064113,428
2019-10-28,94.720001,95.040001,92.800003,93.199997,93.199997,2371638,429
2019-10-29,91.519997,93.360001,91.360001,92.639999,92.639999,2198250,430
2019-10-30,92.559998,92.559998,90.879997,91.760002,91.760002,2995100,431
2019-10-31,91.120003,91.199997,89.68,90.400002,90.400002,2764125,432
2019-11-01,91.599998,94.080002,91.519997,93.519997,93.519997,3279475,433
2019-11-04,95.440002,95.919998,94.239998,94.480003,94.480003,3043050,434
2019-11-05,95.360001,96.080002,95.279999,95.440002,95.440002,2096388,435
2019-11-06,95.68,96.639999,93.760002,94.480003,94.480003,4253388,436
2019-11-07,95.839996,96.639999,94.879997,95.040001,95.040001,3258350,437
2019-11-08,93.839996,96,93.120003,95.919998,95.919998,3007900,438
2019-11-11,94.32,95.839996,94.160004,95.120003,95.120003,2223975,439
2019-11-12,95.68,96.160004,94.480003,94.959999,94.959999,2174300,440
2019-11-13,94.400002,96.160004,94.400002,95.68,95.68,2805600,441
2019-11-14,96.32,96.480003,94.800003,95.279999,95.279999,2546963,442
2019-11-15,94.959999,97.040001,94.959999,96.639999,96.639999,2205175,443
2019-11-18,95.839996,96.080002,94.639999,95.199997,95.199997,3133963,444
2019-11-19,93.68,93.919998,92.160004,92.559998,92.559998,3603938,445
2019-11-20,93.440002,95.839996,92.959999,95.199997,95.199997,4793388,446
2019-11-21,96.480003,98,96.32,97.599998,97.599998,3373875,447
2019-11-22,97.599998,97.68,96.080002,96.879997,96.879997,2237288,448
2019-11-25,96.239998,97.120003,95.760002,96.879997,96.879997,2349188,449
2019-11-26,97.360001,97.839996,96.639999,97.519997,97.519997,2056675,450
2019-11-27,97.279999,97.760002,96.160004,97.120003,97.120003,1884600,451
2019-11-29,95.440002,95.519997,92.32,92.959999,92.959999,3345288,452
2019-12-02,94.239998,94.480003,92.959999,93.360001,93.360001,1741188,453
2019-12-03,93.360001,94.879997,92.720001,94.080002,94.080002,2904463,454
2019-12-04,96.480003,98,96.400002,97.519997,97.519997,3670338,455
2019-12-05,98.480003,98.800003,97.199997,97.519997,97.519997,2974575,456
2019-12-06,97.040001,100,96.959999,98.559998,98.559998,2626563,457
2019-12-09,98,99.040001,98,98.639999,98.639999,1587100,458
2019-12-10,98.480003,99.440002,98.160004,99.120003,99.120003,1284188,459
2019-12-11,98.639999,98.959999,97.120003,98.400002,98.400002,1918325,460
2019-12-12,98.400002,99.760002,98.400002,98.959999,98.959999,2787500,461
2019-12-13,99.279999,101.040001,99.120003,99.919998,99.919998,2137638,462
2019-12-16,100.639999,100.959999,100.480003,100.720001,100.720001,801663,463
2019-12-17,101.199997,102.080002,101.199997,101.760002,101.760002,1494075,464
2019-12-18,101.279999,102.32,100.959999,101.919998,101.919998,1483338,465
2019-12-19,102,102.800003,101.68,102.239998,102.239998,959575,466
2019-12-20,101.760002,101.760002,100.480003,101.040001,101.040001,1429338,467
2019-12-23,100.879997,101.760002,100.720001,101.599998,101.599998,931600,468
2019-12-24,101.839996,102.32,101.839996,102.160004,102.160004,431738,469
2019-12-26,102.559998,103.519997,102.559998,103.120003,103.120003,881688,470
2019-12-27,103.360001,103.68,102.559998,103.279999,103.279999,1137988,471
2019-12-30,104.080002,104.160004,102.32,103.120003,103.120003,1121463,472
2019-12-31,101.68,103.68,101.519997,102.480003,102.480003,1450663,473
2020-01-02,102.400002,102.800003,101.599998,102.480003,102.480003,1563638,474
2020-01-03,106.160004,106.559998,104.239998,105.440002,105.440002,4325450,475
2020-01-06,106.400002,106.559998,104.959999,105.279999,105.279999,2598413,476
2020-01-07,104.800003,105.440002,104.080002,105.040001,105.040001,1742075,477
2020-01-08,104.480003,104.559998,99.120003,101.279999,101.279999,6918425,478
2020-01-09,99.599998,100.32,98.32,99.919998,99.919998,3439450,479
2020-01-10,99.440002,99.839996,98.720001,99.279999,99.279999,2016750,480
2020-01-13,98.480003,98.480003,97.279999,97.599998,97.599998,2858525,481
2020-01-14,98.160004,98.559998,97.599998,98.239998,98.239998,2336713,482
2020-01-15,97.599998,97.760002,96.400002,97.440002,97.440002,1881763,483
2020-01-16,97.599998,98.879997,97.599998,98.32,98.32,1960813,484
2020-01-17,98.639999,98.959999,97.919998,98.639999,98.639999,2220763,485
2020-01-21,97.760002,98.720001,97.68,97.919998,97.919998,1709638,486
2020-01-22,96.239998,96.32,95.040001,95.199997,95.199997,3196463,487
2020-01-23,92.800003,93.68,92,93.279999,93.279999,3858525,488
2020-01-24,91.919998,92,90.480003,91.440002,91.440002,3051025,489
2020-01-27,88.879997,89.919998,88.160004,88.800003,88.800003,3142588,490
2020-01-28,89.279999,90.559998,88.879997,90,90,3048700,491
2020-01-29,90.239998,90.32,88.720001,89.279999,89.279999,2720475,492
2020-01-30,87.440002,88.720001,86.800003,88.639999,88.639999,3689650,493
2020-01-31,87.040001,87.839996,85.599998,86.720001,86.720001,4051950,494
2020-02-03,86,86.720001,83.839996,83.919998,83.919998,5052888,495
2020-02-04,85.440002,85.599998,83.199997,83.519997,83.519997,5189425,496
2020-02-05,86,87.120003,84.720001,85.599998,85.599998,5089350,497
2020-02-06,85.120003,86.160004,84.400002,85.919998,85.919998,3249838,498
2020-02-07,84.800003,85.760002,84.32,84.639999,84.639999,2610963,499
2020-02-10,83.839996,84.480003,83.040001,83.360001,83.360001,2825925,500
2020-02-11,85.040001,85.120003,83.599998,84,84,3117025,501
2020-02-12,86.559998,86.879997,85.68,86.480003,86.480003,3927025,502
2020-02-13,86.559998,87.199997,86,86.720001,86.720001,3609588,503
2020-02-14,87.68,87.919998,86.720001,87.599998,87.599998,3057125,504
2020-02-18,86.080002,87.599998,86,87.599998,87.599998,2676363,505
2020-02-19,89.040001,89.839996,88.160004,89.440002,89.440002,3137575,506
2020-02-20,90.480003,91.440002,90,90.239998,90.239998,3422725,507
2020-02-21,88.639999,89.68,87.919998,89.279999,89.279999,3380650,508
2020-02-24,85.040001,86.480003,84.400002,85.919998,85.919998,4694088,509
2020-02-25,86.080002,86.239998,83.199997,83.199997,83.199997,4134238,510
2020-02-26,83.040001,84.400002,80.879997,81.519997,81.519997,4913738,511
2020-02-27,77.760002,79.919998,76.800003,78.239998,78.239998,6233213,512
2020-02-28,75.360001,76,73.360001,75.599998,75.599998,5373138,513
2020-03-02,77.360001,79.360001,76.32,79.360001,79.360001,5173363,514
2020-03-03,80,81.440002,77.760002,79.120003,79.120003,6408250,515
2020-03-04,80.879997,81.040001,78.080002,78.879997,78.879997,5793713,516
2020-03-05,78.480003,78.800003,76.400002,76.879997,76.879997,4140325,517
2020-03-06,74.080002,74.160004,68.800003,69.839996,69.839996,9782050,518
2020-03-09,54.560001,58.400002,52,52.16,52.16,19268563,519
2020-03-10,56.720001,58.639999,54.880001,57.919998,57.919998,10698375,520
2020-03-11,56.16,56.720001,54.720001,55.52,55.52,8137688,521
2020-03-12,51.52,54.400002,51.439999,52.32,52.32,11630325,522
2020-03-13,55.119999,57.040001,52.32,55.68,55.68,9832213,523
2020-03-16,48.720001,51.040001,46.560001,48.400002,48.400002,9516613,524
2020-03-17,48.32,49.200001,45.040001,45.68,45.68,8618150,525
2020-03-18,40.48,41.439999,34.32,37.68,37.68,23764250,526
2020-03-19,38.32,45.360001,36.799999,42.959999,42.959999,16267000,527
2020-03-20,42.240002,42.959999,37.439999,39.52,39.52,18333663,528
2020-03-23,38.16,39.200001,36.240002,39.040001,39.040001,9050388,529
2020-03-24,40.48,40.560001,38.32,39.84,39.84,10639513,530
2020-03-25,39.119999,41.279999,38,40.639999,40.639999,12344863,531
2020-03-26,39.200001,39.68,37.119999,38.639999,38.639999,15703500,532
2020-03-27,36.080002,36.240002,34.639999,35.759998,35.759998,15312050,533
2020-03-30,33.68,34.240002,32.240002,33.84,33.84,20541175,534
2020-03-31,34.959999,34.959999,33.279999,33.68,33.68,15639525,535
2020-04-01,33.919998,35.040001,33.040001,35.040001,35.040001,14878650,536
2020-04-02,36.639999,45.360001,36,40.880001,40.880001,40226725,537
2020-04-03,45.599998,48.16,43.52,47.200001,47.200001,28238825,538
2020-04-06,44.959999,45.68,42.959999,43.84,43.84,20350275,539
2020-04-07,43.68,44.240002,39.119999,40.720001,40.720001,23432475,540
2020-04-08,40.639999,43.200001,39.52,42.959999,42.959999,21113950,541
2020-04-09,43.200001,46.240002,38.400002,39.84,39.84,37976150,542
2020-04-13,39.759998,40.560001,38.799999,39.439999,39.439999,15693888,543
2020-04-14,38.080002,38.400002,36.240002,37.279999,37.279999,23984000,544
2020-04-15,35.439999,35.759998,34.400002,35.439999,35.439999,27402750,545
2020-04-16,35.200001,35.279999,33.200001,34.880001,34.880001,30161238,546
2020-04-17,33.200001,34.080002,32.799999,33.68,33.68,31270575,547
2020-04-20,30.08,32.400002,29.6,30,30,109403825,548
2020-04-21,25.52,27.200001,18.48,22.48,22.48,124913013,549
2020-04-22,23.200001,23.52,20,20.08,20.08,54487213,550
2020-04-23,21.440001,22.959999,20.799999,21.120001,21.120001,39783688,551
2020-04-24,21.52,21.84,20.08,20.559999,20.559999,22760050,552
2020-04-27,18.4,18.4,17.040001,17.52,17.52,33885000,553
2020-04-28,17.280001,18,16.879999,17.040001,17.040001,19476850,554
2020-04-29,18.01,18.219999,17.459999,18,18,23378600,555
2020-04-30,18.76,19.299999,17.860001,19.120001,19.120001,24001300,556
2020-05-01,19.120001,19.18,18.42,18.860001,18.860001,13831100,557
2020-05-04,18.58,19.68,18.360001,19.67,19.67,14044800,558
2020-05-05,20.76,21.790001,20.74,21.51,21.51,20954800,559
2020-05-06,21.290001,21.51,20.299999,20.85,20.85,17295800,560
2020-05-07,21.879999,21.91,20.27,20.469999,20.469999,12745400,561
2020-05-08,21.08,21.67,20.66,21.469999,21.469999,10472500,562
2020-05-11,21.530001,21.6,20.76,21.17,21.17,10461600,563
2020-05-12,21.4,21.57,20.889999,20.969999,20.969999,10138500,564
2020-05-13,21.049999,21.309999,20.299999,20.6,20.6,10082900,565
2020-05-14,20.73,21.82,20.59,21.450001,21.450001,11539700,566
2020-05-15,21.950001,22.610001,21.68,22.389999,22.389999,11525000,567
2020-05-18,24.040001,24.799999,23.799999,24.309999,24.309999,19664300,568
2020-05-19,24.469999,24.709999,24.040001,24.440001,24.440001,9373400,569
2020-05-20,24.950001,25.540001,24.879999,25.34,25.34,11752400,570
2020-05-21,26.5,27.49,25.879999,26.6,26.6,21259800,571
2020-05-22,26.09,26.15,25.059999,25.57,25.57,10614700,572
2020-05-26,25.93,25.99,25.33,25.66,25.66,12891300,573
2020-05-27,25.18,25.34,24.26,25,25,13839700,574
2020-05-28,24.84,25.58,24.549999,25.030001,25.030001,8087000,575
2020-05-29,24.639999,26.43,24.6,25.879999,25.879999,12731400,576
2020-06-01,25.719999,26.469999,25.559999,26.219999,26.219999,8201000,577
2020-06-02,26.549999,27.1,26.469999,27.07,27.07,9131500,578
2020-06-03,27.17,27.530001,26.65,27.120001,27.120001,11428000,579
2020-06-04,27.08,27.620001,26.809999,27.5,27.5,11377000,580
2020-06-05,28.59,29.190001,28.370001,28.870001,28.870001,11820600,581
2020-06-08,28.969999,29,28.110001,28.370001,28.370001,14161900,582
2020-06-09,28.07,28.549999,27.68,28.42,28.42,10176400,583
2020-06-10,28.08,29.07,27.719999,28.43,28.43,8303000,584
2020-06-11,26.799999,27.17,25.940001,26.360001,26.360001,22801300,585
2020-06-12,26.639999,26.809999,25.85,26.43,26.43,8885100,586
2020-06-15,25.469999,27.07,25.360001,26.98,26.98,8642100,587
2020-06-16,27.860001,28.290001,26.969999,27.639999,27.639999,11803900,588
2020-06-17,27.469999,27.75,27.17,27.280001,27.280001,7388800,589
2020-06-18,27.309999,28.02,27.24,27.889999,27.889999,6278300,590
2020-06-19,28.66,28.860001,27.540001,28.23,28.23,13501000,591
2020-06-22,28.43,29.040001,28.33,28.98,28.98,8862100,592
2020-06-23,29.299999,29.42,28.59,28.719999,28.719999,7358700,593
2020-06-24,28.41,28.620001,26.82,27.25,27.25,11101100,594
2020-06-25,27.18,28.049999,27.09,27.940001,27.940001,8768600,595
2020-06-26,27.67,27.700001,27.120001,27.360001,27.360001,5255000,596
2020-06-29,27.809999,28.469999,27.620001,28.27,28.27,6966500,597
2020-06-30,27.889999,28.549999,27.799999,28.059999,28.059999,5840600,598
2020-07-01,28.299999,28.51,27.93,28.35,28.35,6960400,599
2020-07-02,28.790001,29.049999,28.34,28.75,28.75,5545500,600
2020-07-06,28.790001,29.26,28.77,28.959999,28.959999,6146000,601
2020-07-07,28.85,29.209999,28.76,28.790001,28.790001,4674500,602
2020-07-08,29.030001,29.290001,28.84,29.18,29.18,4676500,603
2020-07-09,29.07,29.110001,28.209999,28.41,28.41,5602300,604
2020-07-10,28.48,29.17,28.41,29.030001,29.030001,5432400,605
2020-07-13,29.01,29.15,28.389999,28.5,28.5,6540200,606
2020-07-14,28.23,29.08,28.16,28.879999,28.879999,5057500,607
2020-07-15,29.08,29.5,28.809999,29.290001,29.290001,7041200,608
2020-07-16,29.18,29.43,29.030001,29.16,29.16,3240400,609
2020-07-17,29.17,29.24,28.719999,29.1,29.1,3570200,610
2020-07-20,28.9,29.25,28.59,29.120001,29.120001,3863800,611
2020-07-21,29.98,30.219999,29.639999,29.719999,29.719999,8338300,612
2020-07-22,29.440001,29.889999,29.360001,29.75,29.75,3925800,613
2020-07-23,29.59,29.93,29.120001,29.41,29.41,5925100,614
2020-07-24,29.370001,29.51,29.059999,29.440001,29.440001,4947500,615
2020-07-27,29.34,29.860001,28.98,29.719999,29.719999,6268500,616
2020-07-28,29.459999,29.540001,29.27,29.35,29.35,4423700,617
2020-07-29,29.6,29.75,29.450001,29.57,29.57,3114500,618
2020-07-30,28.99,29.01,27.9,28.93,28.93,10024400,619
2020-07-31,29.09,29.16,28.59,29.07,29.07,5026800,620
2020-08-03,29.15,29.65,29.030001,29.34,29.34,5893900,621
2020-08-04,29.23,30.15,29.209999,29.780001,29.780001,7706300,622
2020-08-05,30.84,31.02,30.15,30.23,30.23,9088300,623
2020-08-06,30.52,30.58,30.120001,30.18,30.18,4339800,624
2020-08-07,29.889999,29.92,29.58,29.85,29.85,4867900,625
2020-08-10,30.16,30.360001,29.969999,30.16,30.16,4234800,626
2020-08-11,30.6,30.66,29.82,29.82,29.82,5563600,627
2020-08-12,30.469999,30.76,30.309999,30.559999,30.559999,5305700,628
2020-08-13,30.48,30.66,30.26,30.4,30.4,3414100,629
2020-08-14,30.23,30.42,30.02,30.33,30.33,3792900,630
2020-08-17,30.24,30.85,30.219999,30.77,30.77,4307900,631
2020-08-18,30.41,30.83,30.389999,30.6,30.6,5589500,632
2020-08-19,30.59,30.82,30.41,30.66,30.66,3781500,633
2020-08-20,30.02,30.59,29.780001,30.52,30.52,6112100,634
2020-08-21,30,30.24,29.639999,30.18,30.18,6523300,635
2020-08-24,30.33,30.540001,30.23,30.35,30.35,4511800,636
2020-08-25,30.969999,31.02,30.59,30.92,30.92,5251900,637
2020-08-26,31.07,31.190001,30.84,30.93,30.93,5402600,638
2020-08-27,30.889999,30.9,30.27,30.67,30.67,4372600,639
2020-08-28,30.719999,30.799999,30.52,30.719999,30.719999,2437800,640
2020-08-31,30.9,30.9,30.389999,30.58,30.58,3825200,641
2020-09-01,30.639999,30.940001,30.540001,30.610001,30.610001,3902000,642
2020-09-02,30.58,30.6,29.59,29.860001,29.860001,7281600,643
2020-09-03,29.15,29.780001,29.040001,29.639999,29.639999,7999000,644
2020-09-04,29.42,29.450001,28.4,28.51,28.51,7365900,645
2020-09-08,26.879999,26.959999,26.27,26.75,26.75,10546400,646
2020-09-09,26.84,27.690001,26.709999,27.41,27.41,5310500,647
2020-09-10,27.23,27.469999,26.75,26.790001,26.790001,4856800,648
2020-09-11,26.92,27.27,26.73,27.040001,27.040001,3362000,649
2020-09-14,26.74,27.02,26.6,26.940001,26.940001,3311200,650
2020-09-15,27.059999,27.700001,26.959999,27.52,27.52,3914100,651
2020-09-16,28.200001,28.799999,28.059999,28.700001,28.700001,5785600,652
2020-09-17,28.57,29.389999,28.43,29.23,29.23,4584300,653
2020-09-18,29.190001,29.43,28.9,29.059999,29.059999,3058100,654
2020-09-21,28.67,28.76,27.66,28.290001,28.290001,5361800,655
2020-09-22,28.360001,28.530001,27.82,28.17,28.17,3020500,656
2020-09-23,28.35,28.84,28,28.030001,28.030001,5108100,657
2020-09-24,28.299999,28.59,28.129999,28.5,28.5,3418800,658
2020-09-25,28.299999,28.559999,28.17,28.35,28.35,2445200,659
2020-09-28,28.5,28.860001,28.299999,28.690001,28.690001,2428800,660
2020-09-29,28.309999,28.32,27.280001,27.700001,27.700001,5337100,661
2020-09-30,27.940001,28.559999,27.889999,28.290001,28.290001,3445400,662
2020-10-01,27.76,27.860001,26.77,27.51,27.51,6557100,663
2020-10-02,26.25,26.889999,26.09,26.35,26.35,8583300,664
2020-10-05,27.58,28.16,27.440001,27.93,27.93,7854900,665
2020-10-06,28.66,28.91,28.309999,28.389999,28.389999,6288700,666
2020-10-07,28.16,28.41,27.889999,28.389999,28.389999,5526200,667
2020-10-08,28.99,29.200001,28.75,29.139999,29.139999,6567400,668
2020-10-09,28.99,29.25,28.59,28.690001,28.690001,4596400,669
2020-10-12,28.4,28.4,27.73,28.07,28.07,4553100,670
2020-10-13,28.459999,28.65,28.27,28.459999,28.459999,3624000,671
2020-10-14,28.889999,29.049999,28.799999,28.98,28.98,3190200,672
2020-10-15,28.07,28.950001,28.01,28.940001,28.940001,5276500,673
2020-10-16,28.59,28.870001,28.33,28.719999,28.719999,2516700,674
2020-10-19,28.83,29.01,28.59,28.59,28.59,2803000,675
2020-10-20,28.48,29.309999,28.459999,29.049999,29.049999,4391800,676
2020-10-21,28.610001,28.780001,27.93,28.1,28.1,5165700,677
2020-10-22,28.299999,28.75,28.280001,28.51,28.51,3235600,678
2020-10-23,28.549999,28.559999,27.780001,27.879999,27.879999,3986200,679
2020-10-26,27.33,27.459999,26.950001,27.110001,27.110001,4646700,680
2020-10-27,27.309999,27.950001,27.23,27.690001,27.690001,3037200,681
2020-10-28,26.440001,26.559999,26.09,26.309999,26.309999,7011000,682
2020-10-29,24.92,25.74,24.75,25.6,25.6,8401400,683
2020-10-30,25.309999,25.4,24.959999,25.25,25.25,5424500,684
2020-11-02,25.16,26.290001,25.139999,26.26,26.26,5385100,685
2020-11-03,26.940001,27.01,26.450001,26.719999,26.719999,7241300,686
2020-11-04,27.120001,27.629999,26.690001,27.440001,27.440001,5982500,687
2020-11-05,27.41,27.700001,27.08,27.16,27.16,5115000,688
2020-11-06,26.83,26.870001,26.200001,26.469999,26.469999,5117700,689
2020-11-09,28.59,28.82,28.059999,28.07,28.07,9840300,690
2020-11-10,28.66,28.969999,28.469999,28.91,28.91,6602400,691
2020-11-11,29.700001,29.75,28.92,29.040001,29.040001,6376600,692
2020-11-12,29.209999,29.440001,28.620001,28.66,28.66,6070900,693
2020-11-13,28.52,28.57,28.059999,28.129999,28.129999,4367600,694
2020-11-16,29.120001,29.17,28.66,28.809999,28.809999,4576600,695
2020-11-17,28.57,29.02,28.48,28.870001,28.870001,3613700,696
2020-11-18,29.07,29.360001,28.959999,29,29,4112100,697
2020-11-19,28.93,29.139999,28.75,29.09,29.09,2934300,698
2020-11-20,28.93,29.360001,28.92,29.27,29.27,4907100,699
2020-11-23,29.58,29.719999,29.41,29.52,29.52,4398000,700
2020-11-24,30.23,31.030001,30.209999,30.799999,30.799999,9091700,701
2020-11-25,31.299999,31.68,31.02,31.370001,31.370001,5865600,702
2020-11-27,31.120001,31.360001,31.030001,31.219999,31.219999,2904900,703
2020-11-30,31.120001,31.290001,30.68,30.969999,30.969999,6778500,704
2020-12-01,30.92,30.959999,30.34,30.620001,30.620001,4536800,705
2020-12-02,30.58,31.43,30.58,30.969999,30.969999,7064300,706
2020-12-03,30.889999,31.360001,30.809999,31.25,31.25,5559700,707
2020-12-04,31.309999,31.74,31.280001,31.559999,31.559999,6930200,708
2020-12-07,31.440001,31.870001,31.309999,31.4,31.4,4785400,709
2020-12-08,31.219999,31.469999,31.040001,31.41,31.41,3786000,710
2020-12-09,31.549999,31.66,30.9,31.34,31.34,7632800,711
2020-12-10,31.84,32.650002,31.83,32.110001,32.110001,7572000,712
2020-12-11,32.029999,32.130001,31.77,31.940001,31.940001,3394000,713
2020-12-14,32.139999,32.23,31.370001,32.169998,32.169998,4877200,714
2020-12-15,32.32,32.619999,32.25,32.540001,32.540001,3503300,715
2020-12-16,32.549999,32.810001,32.32,32.740002,32.740002,4349300,716
2020-12-17,33.009998,33.23,32.919998,33.16,33.16,4534000,717
2020-12-18,33.330002,33.669998,33.259998,33.48,33.48,4759000,718
2020-12-21,32.18,32.84,32.119999,32.639999,32.639999,6144300,719
2020-12-22,32.279999,32.470001,32,32.09,32.09,3749600,720
2020-12-23,32.330002,33.080002,32.330002,32.75,32.75,5077500,721
2020-12-24,32.66,32.919998,32.57,32.919998,32.919998,1694300,722
2020-12-28,32.880001,33.049999,32.509998,32.59,32.59,4917500,723
2020-12-29,32.950001,32.990002,32.66,32.779999,32.779999,3631000,724
2020-12-30,32.580002,33.220001,32.549999,32.91,32.91,4840000,725
2020-12-31,32.73,33.099998,32.630001,33.009998,33.009998,4424600,726
2021-01-04,33,33.290001,32.240002,32.380001,32.380001,14340200,727
2021-01-05,33.380001,34.119999,33.380001,33.939999,33.939999,13616800,728
2021-01-06,33.939999,34.470001,33.560001,34.110001,34.110001,7461100,729
2021-01-07,34.349998,34.59,34.290001,34.529999,34.529999,4103100,730
2021-01-08,34.93,35.5,34.75,35.43,35.43,7554600,731
2021-01-11,34.880001,35.41,34.810001,35.259998,35.259998,5100500,732
2021-01-12,35.650002,36.009998,35.57,35.900002,35.900002,4185800,733
2021-01-13,35.77,36.099998,35.599998,35.799999,35.799999,4457000,734
2021-01-14,35.700001,36.32,35.610001,36.240002,36.240002,5175000,735
2021-01-15,35.720001,35.82,35.130001,35.34,35.34,5492200,736
2021-01-19,35.709999,35.889999,35.529999,35.75,35.75,3804300,737
2021-01-20,36.139999,36.200001,35.689999,35.790001,35.790001,3222600,738
2021-01-21,35.82,36,35.639999,35.759998,35.759998,3010300,739
2021-01-22,34.959999,35.619999,34.91,35.23,35.23,4673300,740
2021-01-25,35.110001,35.66,35.029999,35.59,35.59,4134500,741
2021-01-26,35.689999,35.799999,35.380001,35.450001,35.450001,2628100,742
2021-01-27,35.41,35.93,35.02,35.5,35.5,4918800,743
2021-01-28,35.919998,36.009998,35.220001,35.25,35.25,5409000,744
2021-01-29,35.639999,35.77,35.110001,35.18,35.18,3916100,745
2021-02-01,35.77,36.18,35.25,36.119999,36.119999,6051400,746
2021-02-02,36.970001,37.049999,36.720001,36.82,36.82,6274700,747
2021-02-03,37.189999,37.779999,37.189999,37.439999,37.439999,6804100,748
2021-02-04,37.610001,37.950001,37.200001,37.810001,37.810001,5033700,749
2021-02-05,38.330002,38.400002,37.950001,38.189999,38.189999,4379100,750
2021-02-08,38.470001,38.98,38.470001,38.939999,38.939999,4216200,751
2021-02-09,38.700001,39.209999,38.52,39.169998,39.169998,4904300,752
2021-02-10,39.240002,39.470001,39.009998,39.279999,39.279999,5053600,753
2021-02-11,39.32,39.380001,38.869999,38.970001,38.970001,3738000,754
2021-02-12,39.009998,40.07,39.009998,39.939999,39.939999,5785100,755
2021-02-16,40.189999,40.470001,40.049999,40.450001,40.450001,5467400,756
2021-02-17,40.27,40.959999,40.130001,40.889999,40.889999,7391500,757
2021-02-18,41.09,41.130001,40.110001,40.27,40.27,6708600,758
2021-02-19,40.259998,40.490002,39.549999,39.68,39.68,5537500,759
2021-02-22,40.549999,41.419998,40.549999,41.279999,41.279999,5814300,760
2021-02-23,41.150002,41.73,40.740002,41.619999,41.619999,5638200,761
2021-02-24,41.880001,42.57,41.790001,42.5,42.5,6504700,762
2021-02-25,42.32,42.77,42.150002,42.459999,42.459999,4515200,763
2021-02-26,42.119999,42.139999,41.119999,41.310001,41.310001,5913100,764
2021-03-01,41.299999,41.610001,40.310001,40.599998,40.599998,6956000,765
2021-03-02,40.950001,41.07,40.07,40.07,40.07,8272200,766
2021-03-03,40.880001,41.650002,40.549999,41.139999,41.139999,4764400,767
2021-03-04,41.869999,43.459999,41.5,43.07,43.07,11815300,768
2021-03-05,44.080002,44.509998,43.91,44.439999,44.439999,7883300,769
2021-03-08,44.119999,44.240002,43.43,43.5,43.5,5083900,770
2021-03-09,43.73,43.82,43.07,43.110001,43.110001,5503200,771
2021-03-10,43.279999,43.810001,42.790001,43.740002,43.740002,5733300,772
2021-03-11,43.91,44.639999,43.709999,44.599998,44.599998,6588700,773
2021-03-12,44.360001,44.630001,44.23,44.349998,44.349998,4643200,774
2021-03-15,43.900002,44.34,43.459999,44.259998,44.259998,5710000,775
2021-03-16,43.57,44.099998,43.32,43.830002,43.830002,4932400,776
2021-03-17,43.689999,43.93,43.240002,43.82,43.82,5837900,777
2021-03-18,42.990002,43.060001,39.709999,40.470001,40.470001,18801800,778
2021-03-19,40.830002,41.990002,40.259998,41.77,41.77,6430000,779
2021-03-22,41.970001,42.18,41.59,41.709999,41.709999,4162300,780
2021-03-23,40.290001,40.91,39.27,39.369999,39.369999,12356900,781
2021-03-24,40.689999,41.830002,40.529999,41.450001,41.450001,11330200,782
2021-03-25,40.470001,40.619999,39.310001,39.889999,39.889999,9477000,783
2021-03-26,41.380001,41.830002,41.25,41.529999,41.529999,10091000,784
2021-03-29,41.23,41.959999,40.950001,41.919998,41.919998,6376300,785
2021-03-30,41.16,41.66,41.040001,41.169998,41.169998,4151600,786
2021-03-31,40.990002,41.700001,40.220001,40.529999,40.529999,6368600,787
2021-04-01,41.470001,42.18,40.299999,41.84,41.84,11598400,788
2021-04-05,41.209999,41.259998,39.52,40.279999,40.279999,9801000,789
2021-04-06,41.16,41.689999,40.580002,40.700001,40.700001,6734200,790
2021-04-07,40.540001,41.049999,39.91,40.860001,40.860001,9987600,791
2021-04-08,40.639999,40.93,40.27,40.82,40.82,4288200,792
2021-04-09,40.619999,40.869999,40.48,40.639999,40.639999,3705600,793
2021-04-12,41.279999,41.57,40.77,40.900002,40.900002,5998400,794
2021-04-13,41.330002,41.48,41.150002,41.400002,41.400002,5063600,795
2021-04-14,42.150002,43.389999,42.009998,43.040001,43.040001,9353500,796
2021-04-15,43.060001,43.439999,42.880001,43.27,43.27,4391600,797
2021-04-16,43.34,43.380001,42.98,43.18,43.18,4680000,798
2021-04-19,43.220001,43.490002,43.049999,43.32,43.32,3324500,799
2021-04-20,43.349998,43.419998,42.040001,42.740002,42.740002,6415200,800
2021-04-21,41.790001,42.549999,41.720001,41.77,41.77,5800300,801
2021-04-22,42.240002,42.259998,41.599998,42.09,42.09,3278100,802
2021-04-23,41.91,42.610001,41.849998,42.459999,42.459999,4206300,803
2021-04-26,41.779999,42.52,41.740002,42.330002,42.330002,3150900,804
2021-04-27,42.66,43.189999,42.48,43.110001,43.110001,3454400,805
2021-04-28,43.439999,43.970001,43.360001,43.529999,43.529999,5500900,806
2021-04-29,44.470001,44.610001,43.84,44.259998,44.259998,5920400,807
2021-04-30,43.380001,43.549999,43.049999,43.27,43.27,5007000,808
2021-05-03,43.560001,44.09,43.549999,43.98,43.98,3309500,809
2021-05-04,44.740002,44.91,44.330002,44.869999,44.869999,5357600,810
2021-05-05,45.23,45.540001,44.389999,44.66,44.66,6912400,811
2021-05-06,44.799999,44.82,44.150002,44.41,44.41,6635600,812
2021-05-07,44.060001,44.630001,43.91,44.43,44.43,4252900,813
2021-05-10,44.849998,44.91,43.900002,44.48,44.48,4391900,814
2021-05-11,43.919998,44.93,43.919998,44.869999,44.869999,6925400,815
2021-05-12,45.130001,45.700001,45.099998,45.220001,45.220001,6838000,816
2021-05-13,43.98,44.48,43.349998,43.810001,43.810001,7610000,817
2021-05-14,44.439999,44.790001,44.34,44.709999,44.709999,5058400,818
2021-05-17,44.880001,45.41,44.860001,45.389999,45.389999,3831000,819
2021-05-18,45.130001,45.389999,43.939999,44.84,44.84,9166100,820
2021-05-19,43.700001,43.700001,42.529999,43.43,43.43,9180000,821
2021-05-20,43.240002,43.32,42.32,42.48,42.48,5320000,822
2021-05-21,43.5,43.799999,43.369999,43.700001,43.700001,4204900,823
2021-05-24,44.279999,45.150002,44.110001,45.02,45.02,5146000,824
2021-05-25,45.07,45.310001,44.779999,44.919998,44.919998,3602800,825
2021-05-26,44.740002,45.299999,44.639999,45.200001,45.200001,3817100,826
2021-05-27,45.189999,45.639999,45.049999,45.549999,45.549999,3193000,827
2021-05-28,45.82,45.93,45.18,45.419998,45.419998,4847100,828
2021-06-01,46.580002,46.939999,45.970001,46.330002,46.330002,6374900,829
2021-06-02,46.560001,47.029999,46.360001,46.900002,46.900002,3682400,830
2021-06-03,47.099998,47.150002,46.509998,46.970001,46.970001,3378700,831
2021-06-04,47.450001,47.490002,47.009998,47.259998,47.259998,3654400,832
2021-06-07,47.34,47.540001,47.07,47.27,47.27,3871200,833
2021-06-08,47.080002,47.900002,46.799999,47.880001,47.880001,5129100,834
2021-06-09,47.950001,48.099998,47.419998,47.580002,47.580002,4609200,835
2021-06-10,47.990002,48.16,46.900002,47.830002,47.830002,8677300,836
2021-06-11,47.93,48.25,47.889999,48.07,48.07,4385300,837
2021-06-14,48.400002,48.610001,48.080002,48.32,48.32,4764900,838
2021-06-15,48.68,49.009998,48.630001,48.98,48.98,4356400,839
2021-06-16,48.860001,49.459999,48.75,48.75,48.75,6152600,840
2021-06-17,48.919998,49,47.330002,48.040001,48.040001,11054200,841
2021-06-18,47.849998,48.66,47.84,48.360001,48.360001,6247600,842
2021-06-21,48.400002,49.41,48.330002,49.360001,49.360001,8816200,843
2021-06-22,49.299999,49.619999,49.139999,49.419998,49.419998,3734400,844
2021-06-23,50.09,50.25,49.580002,49.720001,49.720001,4732700,845
2021-06-24,49.41,49.91,49.349998,49.84,49.84,5415100,846
2021-06-25,50.029999,50.330002,49.490002,50.25,50.25,5274000,847
2021-06-28,50.07,50.07,49.389999,49.540001,49.540001,4247100,848
2021-06-29,49.939999,50.139999,49.48,49.889999,49.889999,3032300,849
2021-06-30,49.919998,50.369999,49.619999,49.880001,49.880001,2849000,850
2021-07-01,51.209999,51.400002,50.419998,50.619999,50.619999,4757500,851
2021-07-02,50.5,51.060001,50.310001,50.93,50.93,4438300,852
2021-07-06,50.619999,50.700001,49.32,49.900002,49.900002,10848100,853
2021-07-07,49.849998,50.150002,48.220001,48.66,48.66,10566400,854
2021-07-08,48.709999,49.540001,48.32,49.52,49.52,6350400,855
2021-07-09,50,50.540001,49.959999,50.41,50.41,4279000,856
2021-07-12,49.939999,50.380001,49.619999,50.310001,50.310001,2504700,857
2021-07-13,50.509998,51.279999,50.259998,51.150002,51.150002,4387200,858
2021-07-14,51.130001,51.18,49.279999,49.700001,49.700001,6735300,859
2021-07-15,49.130001,49.75,48.990002,49.040001,49.040001,3927600,860
2021-07-16,49.400002,49.560001,48.380001,49.139999,49.139999,4517900,861
2021-07-19,47.619999,47.639999,45.349998,45.84,45.84,8948900,862
2021-07-20,45.639999,46.610001,45.02,46.509998,46.509998,4781100,863
2021-07-21,47.360001,48.459999,47.360001,48.27,48.27,6502600,864
2021-07-22,48.68,49.419998,48.34,49.169998,49.169998,4516700,865
2021-07-23,49.25,49.529999,49.029999,49.470001,49.470001,2741300,866
2021-07-26,49.259998,49.709999,49.009998,49.669998,49.669998,2857400,867
2021-07-27,49.580002,49.709999,49.040001,49.470001,49.470001,2654800,868
2021-07-28,49.630001,49.970001,49.450001,49.720001,49.720001,3104400,869
2021-07-29,50.18,50.689999,50.07,50.639999,50.639999,2657900,870
2021-07-30,50.700001,51.02,50.439999,50.66,50.66,3605700,871
2021-08-02,50.349998,50.43,48.630001,49.18,49.18,5876500,872
2021-08-03,48.110001,48.93,47.869999,48.849998,48.849998,8234700,873
2021-08-04,47.540001,48.139999,47.18,47.200001,47.200001,6803000,874
2021-08-05,47.34,48.16,47.34,48.099998,48.099998,3124300,875
2021-08-06,48.419998,48.509998,47.349998,47.57,47.57,5245000,876
2021-08-09,46.470001,46.700001,45.849998,46.599998,46.599998,5248000,877
2021-08-10,46.970001,48.009998,46.93,47.68,47.68,4148700,878
2021-08-11,47.200001,48.34,46.91,48.299999,48.299999,5227000,879
2021-08-12,48.16,48.349998,47.720001,48.099998,48.099998,2808600,880
2021-08-13,48.110001,48.23,47.32,47.43,47.43,3401700,881
2021-08-16,46.380001,47.279999,45.939999,47.040001,47.040001,4733700,882
2021-08-17,46.66,47.200001,46.330002,46.580002,46.580002,3086100,883
2021-08-18,46.73,46.84,45.290001,45.400002,45.400002,5795500,884
2021-08-19,44.290001,44.889999,43.799999,44.77,44.77,6017300,885
2021-08-20,43.900002,44.310001,43.419998,43.43,43.43,4596600,886
2021-08-23,45.349998,46.18,45.34,45.849998,45.849998,4578600,887
2021-08-24,46.669998,47.470001,46.610001,47.369999,47.369999,4881900,888
2021-08-25,47.330002,48,47.099998,47.810001,47.810001,4801300,889
2021-08-26,47.240002,47.799999,46.950001,47.48,47.48,4904400,890
2021-08-27,48.02,48.279999,47.919998,48.150002,48.150002,4109900,891
2021-08-30,48.150002,48.59,47.860001,48.400002,48.400002,3661500,892
2021-08-31,48.18,48.490002,47.959999,48.040001,48.040001,4069700,893
2021-09-01,47.360001,48.240002,47.200001,47.93,47.93,8122400,894
2021-09-02,49.009998,49.52,48.93,48.950001,48.950001,6151400,895
2021-09-03,48.970001,49.259998,48.599998,48.66,48.66,5343600,896
2021-09-07,47.93,48.369999,47.73,48.040001,48.040001,3771400,897
2021-09-08,48.880001,48.889999,48.32,48.59,48.59,4176500,898
2021-09-09,47.82,48.869999,47.450001,47.75,47.75,7491000,899
2021-09-10,49,49.040001,48.669998,48.799999,48.799999,3994500,900
2021-09-13,49.400002,49.700001,49.16,49.48,49.48,3264000,901
2021-09-14,49.779999,49.799999,49.049999,49.310001,49.310001,2952400,902
2021-09-15,50.450001,51.07,50.439999,50.689999,50.689999,5718000,903
2021-09-16,50.549999,50.84,50,50.700001,50.700001,2729200,904
2021-09-17,50.200001,50.450001,49.849998,50.32,50.32,4635000,905
2021-09-20,49.57,49.82,48.889999,49.599998,49.599998,4460900,906
2021-09-21,49.610001,49.689999,48.740002,49.580002,49.580002,3450100,907
2021-09-22,50.259998,50.720001,50.09,50.48,50.48,2938800,908
2021-09-23,50.759998,51.490002,50.720001,51.380001,51.380001,3030500,909
2021-09-24,51.290001,52,51.259998,51.82,51.82,2591100,910
2021-09-27,52.84,53.080002,52.630001,52.91,52.91,4389400,911
2021-09-28,53.459999,53.52,52.18,52.400002,52.400002,5253600,912
2021-09-29,52.560001,53.099998,52.240002,52.32,52.32,4428900,913
2021-09-30,51.700001,53.360001,51.380001,52.560001,52.560001,12376500,914
2021-10-01,52.619999,53.389999,52.34,53.259998,53.259998,4791400,915
2021-10-04,54.07,55.049999,54.07,54.490002,54.490002,6919200,916
2021-10-05,55.27,55.73,55.16,55.630001,55.630001,5824100,917
2021-10-06,54.77,54.790001,53.98,54.16,54.16,7943700,918
2021-10-07,54.02,55.360001,53.740002,55.360001,55.360001,6956400,919
2021-10-08,55.720001,56.029999,55.060001,55.470001,55.470001,5639800,920
2021-10-11,56.41,56.689999,56.130001,56.18,56.18,3831700,921
2021-10-12,56.32,56.720001,55.830002,56.110001,56.110001,5368000,922
2021-10-13,55.630001,56.450001,55.389999,56.16,56.16,2840700,923
2021-10-14,56.650002,56.849998,56.150002,56.810001,56.810001,3403400,924
2021-10-15,57.25,57.450001,56.869999,57.150002,57.150002,3622200,925
2021-10-18,57.73,57.919998,56.790001,56.959999,56.959999,4094100,926
2021-10-19,56.900002,57.880001,56.700001,57.419998,57.419998,4098800,927
2021-10-20,57,58.189999,56.869999,58.119999,58.119999,6032000,928
2021-10-21,57.580002,57.810001,56.34,57.41,57.41,4738800,929
2021-10-22,57.740002,58.040001,57.209999,58.029999,58.029999,3350200,930
2021-10-25,58.419998,58.689999,57.779999,57.830002,57.830002,5180200,931
2021-10-26,58.080002,58.619999,57.869999,58.450001,58.450001,3509200,932
2021-10-27,57.639999,58.169998,56.880001,56.900002,56.900002,6731400,933
2021-10-28,56.849998,57.419998,56.380001,57.400002,57.400002,5412000,934
2021-10-29,56.790001,57.389999,56.400002,57.150002,57.150002,5320600,935
2021-11-01,57.91,58.040001,57.459999,57.529999,57.529999,2787600,936
2021-11-02,57.310001,57.759998,57.09,57.529999,57.529999,2953900,937
2021-11-03,56.16,56.580002,55.209999,55.34,55.34,7707600,938
2021-11-04,57.310001,57.400002,54.529999,54.919998,54.919998,9145500,939
2021-11-05,55.650002,56.740002,55.150002,56.549999,56.549999,4738500,940
2021-11-08,56.580002,57.130001,56.560001,57.09,57.09,3037600,941
2021-11-09,57.209999,58.029999,56.970001,57.970001,57.970001,5106600,942
2021-11-10,57.790001,58.009998,55.950001,56.32,56.32,5134400,943
2021-11-11,56.439999,56.849998,55.82,56.220001,56.220001,5376300,944
2021-11-12,55.810001,56.349998,55.650002,55.98,55.98,5869800,945
2021-11-15,55.389999,56.139999,55.18,56.07,56.07,4955300,946
2021-11-16,56,56.5,55.68,56.200001,56.200001,4190100,947
2021-11-17,55.860001,55.91,54.459999,55,55,7492900,948
2021-11-18,55.369999,55.77,54.84,55.549999,55.549999,4623700,949
2021-11-19,54.84,54.93,53.52,53.779999,53.779999,6388900,950
2021-11-22,53.990002,54.91,53.91,54.450001,54.450001,7353500,951
2021-11-23,55.450001,56.27,55.439999,56.200001,56.200001,5877400,952
2021-11-24,55.810001,56.380001,55.779999,55.880001,55.880001,4109000,953
2021-11-26,52.330002,52.380001,48.560001,49.630001,49.630001,18765600,954
2021-11-29,51.970001,52.169998,49.639999,50.169998,50.169998,13571400,955
2021-11-30,48.619999,49.110001,46.470001,47.91,47.91,21152500,956
2021-12-01,49.09,49.52,46.869999,47.040001,47.040001,12413700,957
2021-12-02,46.529999,48.599998,46.16,48.290001,48.290001,14552000,958
2021-12-03,49.700001,49.93,47.549999,48,48,10857300,959
2021-12-06,49.049999,50.720001,48.77,50.509998,50.509998,8107500,960
2021-12-07,51.32,52.560001,51.32,51.59,51.59,9476800,961
2021-12-08,51.77,52.66,51.709999,52.419998,52.419998,5778000,962
2021-12-09,51.919998,52.07,50.970001,51.02,51.02,5814100,963
2021-12-10,51.720001,52.099998,51.32,52.029999,52.029999,6199000,964
2021-12-13,51.549999,52.099998,51.200001,51.439999,51.439999,6370000,965
2021-12-14,50.779999,51.23,50.32,50.919998,50.919998,4796200,966
2021-12-15,50.639999,51.689999,50.240002,51.619999,51.619999,5326100,967
2021-12-16,51.57,52.459999,51.290001,51.869999,51.869999,4873300,968
2021-12-17,51.290001,51.43,50.369999,50.779999,50.779999,5796800,969
2021-12-20,49.029999,49.98,47.959999,49.900002,49.900002,8896700,970
2021-12-21,50.900002,51.610001,50.59,51.57,51.57,4867600,971
2021-12-22,51.419998,52.52,51.25,52.48,52.48,5877200,972
2021-12-23,52.48,53.240002,52.349998,53.130001,53.130001,3662700,973
2021-12-27,52.98,54.650002,52.810001,54.52,54.52,4326300,974
2021-12-28,54.830002,55.139999,54.540001,54.669998,54.669998,2862300,975
2021-12-29,54.48,55.669998,54.360001,55.080002,55.080002,3933400,976
2021-12-30,55.32,55.73,55.029999,55.099998,55.099998,3649000,977
2021-12-31,54.889999,55.169998,54.040001,54.360001,54.360001,2497900,978
2022-01-03,53.970001,55.16,53.939999,54.830002,54.830002,5602900,979
2022-01-04,55.310001,56.049999,55.25,55.59,55.59,4857000,980
2022-01-05,56.16,56.48,55.43,55.43,55.43,5043500,981
2022-01-06,57.099998,57.310001,56.650002,56.889999,56.889999,4954400,982
2022-01-07,56.900002,57.040001,56.369999,56.669998,56.669998,6023600,983
2022-01-10,56.57,56.779999,55.830002,56.16,56.16,3758000,984
2022-01-11,56.950001,58.279999,56.540001,58.16,58.16,6841500,985
2022-01-12,58.369999,59.169998,58.360001,58.91,58.91,5171600,986
2022-01-13,59.02,59.130001,58.209999,58.27,58.27,4680700,987
2022-01-14,59.099998,59.98,59.07,59.970001,59.970001,6031200,988
2022-01-18,60.360001,61.09,60.16,60.970001,60.970001,6240800,989
2022-01-19,61.25,61.900002,60.98,61.049999,61.049999,5435700,990
2022-01-20,61.240002,62.169998,60.610001,60.66,60.66,4278400,991
2022-01-21,60.869999,61.240002,60.080002,60.779999,60.779999,5410200,992
2022-01-24,59.91,60.220001,58.810001,60.110001,60.110001,9098900,993
2022-01-25,59.91,61.169998,59.880001,60.970001,60.970001,6104800,994
2022-01-26,61.669998,62.52,61.41,61.68,61.68,6735100,995
2022-01-27,62.66,62.709999,61.360001,61.860001,61.860001,5749100,996
2022-01-28,62.639999,62.990002,61.419998,61.970001,61.970001,4187100,997
2022-01-31,62.189999,62.5,61.360001,62.48,62.48,3142800,998
2022-02-01,61.91,62.759998,61.580002,62.529999,62.529999,4308300,999
2022-02-02,62.779999,62.860001,61.75,62.52,62.52,3332600,1000
2022-02-03,62.099998,63.810001,61.900002,63.509998,63.509998,5222200,1001
2022-02-04,64.68,65.349998,64.650002,64.910004,64.910004,4830400,1002
2022-02-07,64.610001,65.050003,64.470001,64.68,64.68,2247200,1003
2022-02-08,63.709999,63.830002,62.849998,63.619999,63.619999,4923200,1004
2022-02-09,63.790001,64.370003,63.509998,64.169998,64.169998,3933700,1005
2022-02-10,63.900002,65.080002,63.59,63.959999,63.959999,4787600,1006
2022-02-11,64.43,66.339996,64.370003,65.739998,65.739998,12309200,1007
2022-02-14,64.970001,66.879997,64.800003,66.360001,66.360001,9540700,1008
2022-02-15,64.199997,64.400002,63.540001,64.279999,64.279999,10076300,1009
2022-02-16,65.080002,65.870003,63.5,63.540001,63.540001,6978300,1010
2022-02-17,63.619999,64.5,63.419998,64.169998,64.169998,7116200,1011
2022-02-18,63.139999,65,62.919998,64.739998,64.739998,8438400,1012
2022-02-22,66.860001,66.93,65.279999,65.540001,65.540001,9307800,1013
2022-02-23,65.900002,67.32,65.660004,66.239998,66.239998,8562400,1014
2022-02-24,70.190002,70.239998,65.07,66.339996,66.339996,18256700,1015
2022-02-25,65.559998,66.120003,64.400002,65.800003,65.800003,8803300,1016
2022-02-28,67.379997,68.260002,66.82,67.480003,67.480003,8886500,1017
2022-03-01,70.339996,72.629997,70.099998,71.82,71.82,16803600,1018
2022-03-02,74.150002,76.199997,71.75,75.419998,75.419998,21956100,1019
2022-03-03,74.760002,76.370003,74,74.529999,74.529999,18443800,1020
2022-03-04,77,80,76.18,79.459999,79.459999,17341900,1021
2022-03-07,79.93,83.400002,79.699997,82.370003,82.370003,16563300,1022
2022-03-08,85.43,87.839996,81.57,85.43,85.43,29882700,1023
2022-03-09,80,81.099998,72.269997,75.470001,75.470001,29934600,1024
2022-03-10,77.059998,77.480003,72.980003,74.059998,74.059998,11738200,1025
2022-03-11,74.809998,76.550003,74.260002,76.400002,76.400002,7937300,1026
2022-03-14,73.529999,73.559998,71.459999,72.839996,72.839996,9470000,1027
2022-03-15,69.57,70.550003,67.900002,68.629997,68.629997,13575300,1028
2022-03-16,70.639999,71.080002,67.730003,68.279999,68.279999,7392700,1029
2022-03-17,72.650002,74.440002,72.389999,73.68,73.68,9653600,1030
2022-03-18,74.25,75,73.550003,74.639999,74.639999,4440900,1031
2022-03-21,77.410004,79.660004,77.260002,79.540001,79.540001,6410800,1032
2022-03-22,78.690002,79.650002,77.550003,78.559998,78.559998,4175300,1033
2022-03-23,81.379997,82.480003,81.080002,81.949997,81.949997,6155100,1034
2022-03-24,81.669998,81.779999,79.300003,79.75,79.75,4417200,1035
2022-03-25,78.879997,81.730003,78.410004,80.739998,80.739998,7534500,1036
2022-03-28,76.849998,77.919998,74.150002,74.529999,74.529999,8934500,1037
2022-03-29,72.300003,76.43,72.07,76.150002,76.150002,8954800,1038
2022-03-30,78.07,78.699997,77.300003,77.910004,77.910004,5239100,1039
2022-03-31,75.760002,76.839996,73.339996,74.120003,74.120003,10749400,1040
2022-04-01,73.370003,74.800003,73.25,74.169998,74.169998,4926700,1041
2022-04-04,76.459999,77.199997,75.330002,76.860001,76.860001,6157100,1042
2022-04-05,77.339996,77.709999,74.540001,74.800003,74.800003,7542800,1043
2022-04-06,76.25,76.75,72.160004,73.050003,73.050003,7040900,1044
2022-04-07,73.260002,73.839996,71.080002,73.110001,73.110001,5749300,1045
2022-04-08,72.690002,74.599998,72.389999,74.110001,74.110001,5666300,1046
2022-04-11,71.75,72.760002,71.300003,72.300003,72.300003,5209400,1047
2022-04-12,74.949997,76.379997,74.910004,75.980003,75.980003,6839800,1048
2022-04-13,77.150002,78.559998,75.889999,78.419998,78.419998,6918900,1049
2022-04-14,77.339996,80.440002,77.230003,79.57,79.57,7437200,1050
2022-04-18,80.809998,81.699997,80,80.410004,80.410004,5326100,1051
2022-04-19,78.059998,78.080002,76.339996,76.860001,76.860001,7626100,1052
2022-04-20,77.510002,77.919998,75.57,77.239998,77.239998,5056200,1053
2022-04-21,78.339996,79.269997,77.07,78.120003,78.120003,4815700,1054
2022-04-22,76.980003,77.470001,76.279999,76.309998,76.309998,3730500,1055
2022-04-25,72.639999,74.989998,71.980003,74.650002,74.650002,5073600,1056
2022-04-26,75.330002,76.940002,74.370003,76.459999,76.459999,7354100,1057
2022-04-27,75.120003,76.610001,74.870003,76.370003,76.370003,4545800,1058
2022-04-28,76.279999,78.230003,75.860001,78.080002,78.080002,6856000,1059
2022-04-29,78.800003,79.68,76.940002,77.160004,77.160004,6097900,1060
2022-05-02,75.379997,78.43,74.860001,78.379997,78.379997,4467600,1061
2022-05-03,76.919998,77.830002,76.040001,76.690002,76.690002,2990700,1062
2022-05-04,79.400002,80.720001,78.660004,80.220001,80.220001,5420100,1063
2022-05-05,82.209999,82.370003,79.230003,80.480003,80.480003,5997700,1064
2022-05-06,81.629997,82.410004,80.43,82.129997,82.129997,5679700,1065
2022-05-09,79.809998,80.029999,76.379997,76.57,76.57,5630900,1066
2022-05-10,77.07,77.330002,74.220001,74.529999,74.529999,5741000,1067
2022-05-11,77.760002,79.040001,77.389999,78.18,78.18,4659600,1068
2022-05-12,78.489998,79.470001,77.910004,79.230003,79.230003,4322700,1069
2022-05-13,80.599998,81.419998,79.93,81.279999,81.279999,4194500,1070
2022-05-16,80.980003,83.389999,80.82,83.110001,83.110001,4820700,1071
2022-05-17,83.050003,83.629997,80.860001,81.110001,81.110001,4118300,1072
2022-05-18,82.019997,82.040001,78.650002,79.290001,79.290001,3882200,1073
2022-05-19,78.5,81.349998,78.449997,80.580002,80.580002,4135300,1074
2022-05-20,81.209999,81.839996,80.260002,81.650002,81.650002,3103800,1075
2022-05-23,81.360001,82.160004,80.910004,81.970001,81.970001,2989800,1076
2022-05-24,82.029999,82.839996,81.339996,82,82,1537600,1077
2022-05-25,82.209999,82.690002,81.529999,82.480003,82.480003,1940400,1078
2022-05-26,83.150002,85.099998,83.150002,84.589996,84.589996,3780800,1079
2022-05-27,84.330002,85.519997,84.110001,85.459999,85.459999,2371900,1080
2022-05-31,87.989998,88.32,84.699997,85.470001,85.470001,7416000,1081
2022-06-01,86.709999,87.199997,85.5,85.540001,85.540001,4762300,1082
2022-06-02,85.879997,87.489998,85.269997,87.25,87.25,3769500,1083
2022-06-03,87.209999,89.559998,86.959999,89.470001,89.470001,3671500,1084
2022-06-06,89.07,89.220001,87.849998,88.389999,88.389999,2315800,1085
2022-06-07,88.68,90.110001,88.089996,90.040001,90.040001,3893800,1086
2022-06-08,90.260002,92.199997,89.739998,91.989998,91.989998,5357200,1087
2022-06-09,91.029999,91.489998,90.720001,91.080002,91.080002,4583600,1088
2022-06-10,90.239998,90.779999,88.5,90.129997,90.129997,5865200,1089
2022-06-13,89.279999,91.150002,87.68,90.360001,90.360001,6681900,1090
2022-06-14,90.980003,91.919998,87.370003,88.449997,88.449997,4675900,1091
2022-06-15,88.050003,88.809998,86.239998,86.93,86.93,4420500,1092
2022-06-16,86.440002,88.550003,85.050003,87.660004,87.660004,5171300,1093
2022-06-17,86.5,86.779999,81.940002,83.339996,83.339996,8744600,1094
2022-06-21,84.489998,85.300003,83.650002,84.050003,84.050003,3674400,1095
2022-06-22,78.830002,82.330002,78.489998,80.879997,80.879997,5215400,1096
2022-06-23,81.629997,81.900002,78.959999,78.980003,78.980003,3918500,1097
2022-06-24,80.190002,82.169998,79.629997,81.269997,81.269997,3456200,1098
2022-06-27,81.290001,83.389999,80.400002,82.93,82.93,4591500,1099
2022-06-28,83.989998,85.169998,83.330002,84.720001,84.720001,4226000,1100
2022-06-29,85.870003,86.400002,82.910004,82.949997,82.949997,4619800,1101
2022-06-30,82.089996,82.300003,79.93,80.349998,80.349998,4631500,1102
2022-07-01,82.099998,82.459999,80.839996,81.669998,81.669998,4689800,1103
2022-07-05,78.470001,78.519997,73.419998,74.779999,74.779999,10752700,1104
2022-07-06,73.489998,74.239998,71.459999,73.669998,73.669998,8899500,1105
2022-07-07,76.459999,77.870003,76.269997,76.550003,76.550003,6993200,1106
2022-07-08,78.589996,79.010002,77.080002,78.540001,78.540001,6450600,1107
2022-07-11,77.809998,78.919998,76.629997,78.230003,78.230003,4950300,1108
2022-07-12,74.82,75.32,72.559998,72.809998,72.809998,6104700,1109
2022-07-13,73.07,74.510002,72.230003,73.190002,73.190002,4365800,1110
2022-07-14,71.019997,73.300003,69.510002,72.849998,72.849998,5355800,1111
2022-07-15,74.080002,74.629997,73.059998,73.739998,73.739998,3367700,1112
2022-07-18,76.919998,77.540001,76.529999,76.809998,76.809998,5382200,1113
2022-07-19,76,78.209999,75.989998,78.050003,78.050003,3172000,1114
2022-07-20,77.169998,78.260002,76.480003,77.639999,77.639999,3125900,1115
2022-07-21,75.269997,76.279999,74.699997,75.489998,75.489998,3979200,1116
2022-07-22,75.18,76.580002,74.43,74.529999,74.529999,5768500,1117
2022-07-25,75.839996,76.400002,74.93,76.220001,76.220001,2807500,1118
2022-07-26,77.300003,77.440002,75,75.160004,75.160004,2949300,1119
2022-07-27,76.400002,78.190002,75.419998,77.870003,77.870003,3166400,1120
2022-07-28,78.449997,78.519997,76.480003,77.129997,77.129997,4322000,1121
2022-07-29,79.169998,80.489998,78,78.050003,78.050003,3632800,1122
2022-08-01,74.790001,75.620003,74.010002,75.129997,75.129997,3326800,1123
2022-08-02,76.029999,77.410004,75.279999,75.93,75.93,2737300,1124
2022-08-03,76.279999,76.550003,73.300003,73.529999,73.529999,4033700,1125
2022-08-04,72.830002,73.599998,70.959999,71.529999,71.529999,5215500,1126
2022-08-05,70.459999,73.18,70.419998,71.540001,71.540001,3139200,1127
2022-08-08,71.589996,73.709999,71.470001,73.540001,73.540001,4429500,1128
2022-08-09,74.199997,74.919998,72.620003,73.449997,73.449997,2492200,1129
2022-08-10,73.25,74.980003,71.449997,74.32,74.32,4622300,1130
2022-08-11,75.830002,76.970001,74.980003,76.279999,76.279999,4687300,1131
2022-08-12,75.339996,75.459999,74.300003,74.980003,74.980003,2949600,1132
2022-08-15,71.389999,73.360001,71.260002,72.879997,72.879997,4446200,1133
2022-08-16,72.669998,73.839996,70.669998,71.239998,71.239998,5750100,1134
2022-08-17,71.650002,73.169998,71.089996,72.050003,72.050003,3800700,1135
2022-08-18,73.589996,74.830002,73.32,74.209999,74.209999,3315900,1136
2022-08-19,74.050003,75.370003,73.830002,74.059998,74.059998,2700600,1137
2022-08-22,72.790001,74.769997,71.449997,74.68,74.68,7937300,1138
2022-08-23,75.830002,77.279999,75.809998,76.830002,76.830002,3782000,1139
2022-08-24,76.849998,78.07,76.220001,78.040001,78.040001,3857400,1140
2022-08-25,78.339996,78.379997,75.830002,76.5,76.5,2960200,1141
2022-08-26,75.459999,76.190002,74.769997,75.849998,75.849998,2424600,1142
2022-08-29,77.019997,78.959999,76.709999,78.690002,78.690002,3693500,1143
2022-08-30,76.599998,76.75,74.279999,75.470001,75.470001,4968000,1144
2022-08-31,73.839996,75.089996,73.059998,73.110001,73.110001,4538500,1145
2022-09-01,72.089996,72.720001,70.800003,70.949997,70.949997,4319300,1146
2022-09-02,73.18,73.220001,71.300003,71.43,71.43,4050300,1147
2022-09-06,72.339996,72.449997,71.150002,71.419998,71.419998,5250400,1148
2022-09-07,69.169998,69.720001,67.589996,67.620003,67.620003,7540200,1149
2022-09-08,68.540001,69.279999,67.650002,68.089996,68.089996,4277100,1150
2022-09-09,70.330002,71.610001,70.029999,71.099998,71.099998,4953600,1151
2022-09-12,72.629997,73.209999,72.07,72.370003,72.370003,3710000,1152
2022-09-13,72.110001,72.730003,70.099998,72.010002,72.010002,6056900,1153
2022-09-14,72.720001,73.720001,72.25,72.730003,72.730003,2594400,1154
2022-09-15,71.089996,71.150002,69.339996,69.760002,69.760002,3898100,1155
2022-09-16,70.330002,70.809998,69.440002,69.900002,69.900002,3384500,1156
2022-09-19,67.620003,70.269997,67.489998,70.050003,70.050003,2863900,1157
2022-09-20,69.540001,69.589996,68.410004,69.220001,69.220001,3569200,1158
2022-09-21,70.489998,70.620003,68.099998,68.68,68.68,4537900,1159
2022-09-22,70.419998,70.809998,68.529999,68.970001,68.970001,2928800,1160
2022-09-23,65.889999,65.900002,64.650002,65.32,65.32,5923200,1161
2022-09-26,65.370003,66.25,63.150002,63.200001,63.200001,5064500,1162
2022-09-27,64.300003,65.529999,63.689999,64.419998,64.419998,3273500,1163
2022-09-28,65.260002,67.339996,64.949997,67.129997,67.129997,2603400,1164
2022-09-29,67.309998,67.760002,66.25,66.769997,66.769997,2762700,1165
2022-09-30,65.639999,66.5,64.849998,65.279999,65.279999,2397100,1166
2022-10-03,68.599998,68.900002,67.169998,67.889999,67.889999,5256000,1167
2022-10-04,69.910004,71,69.309998,70.279999,70.279999,6673400,1168
2022-10-05,71.160004,72.160004,69.870003,71.940002,71.940002,4927200,1169
2022-10-06,71.739998,73.040001,71.610001,72.989998,72.989998,2981200,1170
2022-10-07,73.269997,75.849998,73.25,75.099998,75.099998,4670000,1171
2022-10-10,75.290001,76.110001,73.599998,73.779999,73.779999,3511500,1172
2022-10-11,72.559998,73.07,71.400002,71.75,71.75,2476200,1173
2022-10-12,71.419998,71.599998,70.199997,70.93,70.93,2338900,1174
2022-10-13,70.389999,72.870003,70.370003,72.519997,72.519997,2304000,1175
2022-10-14,71.400002,71.720001,69.75,70.169998,70.169998,2518900,1176
2022-10-17,71.169998,71.480003,69.779999,70.129997,70.129997,3255400,1177
2022-10-18,69.360001,69.779999,67.849998,68.699997,68.699997,3291200,1178
2022-10-19,68.870003,70.57,68.550003,70.040001,70.040001,3094900,1179
2022-10-20,71.089996,71.879997,69.709999,70.18,70.18,2545800,1180
2022-10-21,70.150002,70.989998,69.459999,70.57,70.57,1564300,1181
2022-10-24,70.239998,71.18,69.800003,70.379997,70.379997,1722400,1182
2022-10-25,70.589996,71.449997,70.230003,70.610001,70.610001,1517400,1183
2022-10-26,71.360001,73.139999,71.349998,72.970001,72.970001,3435400,1184
2022-10-27,73.690002,74.089996,73.110001,73.620003,73.620003,1308800,1185
2022-10-28,72.709999,73.300003,72.029999,72.82,72.82,1511200,1186
2022-10-31,71.389999,72.639999,70.720001,71.529999,71.529999,3088100,1187
2022-11-01,73.800003,73.889999,72.660004,73.120003,73.120003,4586900,1188
2022-11-02,73.120003,74.879997,72.790001,74.080002,74.080002,2796300,1189
2022-11-03,73.050003,74.010002,72.860001,73.290001,73.290001,1482000,1190
2022-11-04,76.540001,76.940002,75.5,76.82,76.82,3679900,1191
2022-11-07,76.839996,77.720001,76.220001,76.559998,76.559998,2231400,1192
2022-11-08,76.269997,76.489998,74.080002,74.470001,74.470001,2539700,1193
2022-11-09,73.169998,73.199997,71.580002,71.669998,71.669998,2585500,1194
2022-11-10,71.660004,72.989998,71.190002,72.239998,72.239998,2020500,1195
2022-11-11,74.529999,75.150002,73.68,74.379997,74.379997,3191900,1196
2022-11-14,73.540001,74.620003,71.879997,71.910004,71.910004,2680700,1197
2022-11-15,72.120003,74.779999,71.599998,73.25,73.25,3318100,1198
2022-11-16,72.110001,72.470001,71.379997,72.040001,72.040001,3359600,1199
2022-11-17,71.150002,71.440002,69.519997,70.139999,70.139999,5000100,1200
2022-11-18,67.730003,69.120003,67.459999,69.029999,69.029999,8376000,1201
2022-11-21,66.669998,69.370003,65.370003,69.029999,69.029999,12862900,1202
2022-11-22,69.919998,70.760002,69.580002,69.980003,69.980003,3715000,1203
2022-11-23,67.839996,68.220001,66.860001,67.410004,67.410004,4693000,1204
2022-11-25,68.190002,68.489998,66.779999,66.959999,66.959999,1703600,1205
2022-11-28,65.160004,67.690002,65,66.879997,66.879997,7370900,1206
2022-11-29,68.510002,69.120003,67.190002,68.339996,68.339996,6290800,1207
2022-11-30,70.300003,70.440002,69.550003,70.230003,70.230003,3724000,1208
2022-12-01,71.639999,72.139999,70.300003,70.449997,70.449997,4571200,1209
2022-12-02,70.599998,71.139999,69.349998,69.839996,69.839996,3459200,1210
2022-12-05,71.559998,71.779999,67.25,67.720001,67.720001,5259100,1211
2022-12-06,66.970001,67.360001,64.519997,65.230003,65.230003,6746200,1212
2022-12-07,65.470001,65.889999,63.200001,63.650002,63.650002,5443900,1213
2022-12-08,64.610001,64.68,62.459999,62.709999,62.709999,8334600,1214
2022-12-09,63.07,63.75,61.810001,62.849998,62.849998,7184900,1215
2022-12-12,63.209999,64.629997,63.049999,64.410004,64.410004,4520100,1216
2022-12-13,65.160004,66.470001,65.139999,65.860001,65.860001,4496100,1217
2022-12-14,66.790001,67.669998,66.080002,67.360001,67.360001,7394100,1218
2022-12-15,66.900002,67.050003,65.68,66.150002,66.150002,4665300,1219
2022-12-16,64.349998,65.82,64.139999,64.900002,64.900002,4847100,1220
2022-12-19,65.769997,66.5,64.830002,66.07,66.07,3920700,1221
2022-12-20,65.830002,66.800003,64.82,66.220001,66.220001,2501300,1222
2022-12-21,67.610001,68.160004,67.410004,68.059998,68.059998,3292400,1223
2022-12-22,68.480003,68.589996,66.849998,67.699997,67.699997,2381800,1224
2022-12-23,68.940002,69.559998,68.870003,69.32,69.32,2928900,1225
2022-12-27,69.589996,70.540001,69.059998,69.529999,69.529999,3147900,1226
2022-12-28,69.18,69.220001,67.529999,68.580002,68.580002,2782800,1227
2022-12-29,67.550003,68.589996,67.370003,68.529999,68.529999,1972300,1228
2022-12-30,68.360001,70.269997,68.349998,70.110001,70.110001,3648200,1229
2023-01-03,68.639999,69.650002,67.120003,67.639999,67.639999,3339700,1230
2023-01-04,65.580002,65.580002,63.98,64.300003,64.300003,4215300,1231
2023-01-05,64.32,65.75,63.93,64.779999,64.779999,3555500,1232
2023-01-06,65.82,66.18,64.459999,64.830002,64.830002,2993000,1233
2023-01-09,66.489998,67.330002,65.449997,65.879997,65.879997,2941100,1234
2023-01-10,66.269997,66.68,65.220001,65.900002,65.900002,2000400,1235
2023-01-11,67.239998,68.220001,66.459999,68.050003,68.050003,3545100,1236
2023-01-12,69.120003,69.32,68.419998,68.610001,68.610001,2616300,1237
2023-01-13,69.300003,70.089996,68.919998,70.050003,70.050003,2502400,1238
2023-01-17,70.860001,71.139999,69.459999,70.860001,70.860001,3796500,1239
2023-01-18,71.589996,72.029999,69.349998,69.510002,69.510002,3172700,1240
2023-01-19,70.190002,71.139999,69.690002,70.589996,70.589996,2814900,1241
2023-01-20,70.860001,71.559998,69.970001,71.550003,71.550003,2435400,1242
2023-01-23,71.82,72.25,71.290001,71.5,71.5,1661100,1243
2023-01-24,71.589996,71.660004,69.879997,70.220001,70.220001,1653200,1244
2023-01-25,70.410004,71.089996,69.639999,70.510002,70.510002,1613200,1245
2023-01-26,71.650002,71.760002,70.269997,70.93,70.93,1481400,1246
2023-01-27,71.739998,71.779999,69.199997,69.5,69.5,3185000,1247
2023-01-30,68.68,69.870003,68.029999,68.099998,68.099998,2345800,1248
2023-01-31,67.860001,69.370003,67.669998,69.32,69.32,1391600,1249
2023-02-01,69.209999,69.410004,66.760002,67.360001,67.360001,3538500,1250
2023-02-02,66.989998,67.489998,65.900002,66.57,66.57,2561500,1251
2023-02-03,66.730003,68.389999,64.349998,64.400002,64.400002,4868100,1252
2023-02-06,65.07,65.529999,63.669998,65.5,65.5,2694200,1253
2023-02-07,65.830002,67.849998,65.82,67.760002,67.760002,3598100,1254
2023-02-08,68.400002,68.790001,67.610001,68.68,68.68,2052000,1255
2023-02-09,67.879997,68.5,67.120003,67.919998,67.919998,2430700,1256
2023-02-10,69.019997,69.900002,68.949997,69.870003,69.870003,2810300,1257